l-base_x,l-base_y,l-base_z,l-base_error,l-base_ncams,l-base_score,l-edge_x,l-edge_y,l-edge_z,l-edge_error,l-edge_ncams,l-edge_score,l-middle_x,l-middle_y,l-middle_z,l-middle_error,l-middle_ncams,l-middle_score,r-base_x,r-base_y,r-base_z,r-base_error,r-base_ncams,r-base_score,r-edge_x,r-edge_y,r-edge_z,r-edge_error,r-edge_ncams,r-edge_score,r-middle_x,r-middle_y,r-middle_z,r-middle_error,r-middle_ncams,r-middle_score,M_00,M_01,M_02,M_10,M_11,M_12,M_20,M_21,M_22,center_0,center_1,center_2,fnum
-5.511582193804202,3.194980250709881,308.81741430256255,5.403900269061211,2.0,0.9933061599731445,-5.546731325827588,6.340045005922663,312.5735054199219,4.842174482577523,2.0,0.9889315366744995,-8.770846425391062,6.691278006426963,309.882191427645,1.3544798157430735,2.0,0.9933769702911377,,,,,,,,,,,,,,,,,,,1.0,0.0,0.0,0.0,1.0,0.0,0.0,0.0,1.0,0.0,0.0,0.0,0
-5.547238623930294,3.0313855503308575,309.02869354205444,5.013280670189154,2.0,0.99566650390625,-5.446144778276463,6.273277925409303,312.38465461055944,5.199047585219161,2.0,0.9886411428451538,-8.666995602967011,6.67600940138525,309.73786660711954,0.7994440497401191,2.0,0.9902126789093018,,,,,,,,,,,,,,,,,,,1.0,0.0,0.0,0.0,1.0,0.0,0.0,0.0,1.0,0.0,0.0,0.0,1
-5.545725935779134,3.072973046808386,308.9143926596186,4.81453847369926,2.0,0.9959667921066284,-5.463333757599418,6.304004366134794,312.2686213502889,4.666705488080745,2.0,0.9922661781311035,-8.698708278337127,6.683293153220086,309.7750489374632,1.1591529850147024,2.0,0.9922047257423401,,,,,,,,,,,,,,,,,,,1.0,0.0,0.0,0.0,1.0,0.0,0.0,0.0,1.0,0.0,0.0,0.0,2
-5.426727950432047,3.0743475541239507,308.5405372200476,4.4357073229683355,2.0,0.9969854354858398,-5.453750131925608,6.313181883364249,312.2665727588801,4.53569398200821,2.0,0.9900906085968018,-8.703167531117945,6.679814489552145,309.73182089205244,1.2482476362676094,2.0,0.992393970489502,,,,,,,,,,,,,,,,,,,1.0,0.0,0.0,0.0,1.0,0.0,0.0,0.0,1.0,0.0,0.0,0.0,3
-5.440963095496317,3.2696906790918225,308.45421074314845,4.641094349366591,2.0,0.9968416690826416,-5.453970481510121,6.362980620017002,312.24338115670014,4.355959833156465,2.0,0.9882783889770508,-8.694396261591002,6.707737499490042,309.6790381425362,1.2853706628526282,2.0,0.9889419674873352,,,,,,,,,,,,,,,,,,,1.0,0.0,0.0,0.0,1.0,0.0,0.0,0.0,1.0,0.0,0.0,0.0,4
-5.628052267280485,3.2786148767949332,308.764753447297,5.775709598108705,2.0,0.9934699535369873,-5.506389712078805,6.32589990574427,312.16922165385165,4.969067337765544,2.0,0.9931779503822327,-8.708394202757722,6.725025113769349,309.72896338373346,1.5240674291211427,2.0,0.9955506324768066,,,,,,,,,,,,,,,,,,,1.0,0.0,0.0,0.0,1.0,0.0,0.0,0.0,1.0,0.0,0.0,0.0,5
-5.647037008439073,3.232222054982327,308.6874515429838,4.46425579398387,2.0,0.9922797679901123,-5.524711301975803,6.35824813087335,312.05319644774386,4.514278212429939,2.0,0.9893767833709717,-8.780350409213096,6.772031458929634,309.58747190650035,1.1954490722029103,2.0,0.9963078498840332,,,,,,,,,,,,,,,,,,,1.0,0.0,0.0,0.0,1.0,0.0,0.0,0.0,1.0,0.0,0.0,0.0,6
-5.724161901260932,3.2164945454648866,308.70158188539784,4.226850541576792,2.0,0.9859145283699036,-5.624782461346644,6.395033761830632,312.2633727955675,4.717345357635869,2.0,0.9878389835357666,-8.83289842000556,6.77676917192728,309.7479616346396,1.3798946876518512,2.0,0.9941257834434509,,,,,,,,,,,,,,,,,,,1.0,0.0,0.0,0.0,1.0,0.0,0.0,0.0,1.0,0.0,0.0,0.0,7
-5.814609771281363,3.301860069350289,308.2480234390214,4.216539944236775,2.0,0.9834179878234863,-5.667219694509119,6.420405831305448,312.2562574845013,4.412253282470836,2.0,0.9837131500244141,-8.840483018218908,6.765422953805848,309.626468724196,1.4597995232446888,2.0,0.9869599938392639,,,,,,,,,,,,,,,,,,,1.0,0.0,0.0,0.0,1.0,0.0,0.0,0.0,1.0,0.0,0.0,0.0,8
-5.8017269446344955,3.4553464314809323,308.2125010711754,6.474923112417754,2.0,0.9570660591125488,-5.644902957939677,6.374289920087736,312.4507009619427,5.102603920877175,2.0,0.9791432619094849,-8.876894958813315,6.750205155531009,309.58291122642015,0.8821720421765894,2.0,0.9814672470092773,,,,,,,,,,,,,,,,,,,1.0,0.0,0.0,0.0,1.0,0.0,0.0,0.0,1.0,0.0,0.0,0.0,9
-5.741303455504442,3.4400312879629937,307.965953454179,5.209482353757775,2.0,0.9348524808883667,-5.626991719957004,6.395698224614429,312.3719306095475,4.599459416431616,2.0,0.9749436974525452,-8.866673762568153,6.74747499341531,309.59770266705954,1.0512558615775363,2.0,0.9849112629890442,,,,,,,,,,,,,,,,,,,1.0,0.0,0.0,0.0,1.0,0.0,0.0,0.0,1.0,0.0,0.0,0.0,10
-5.728914392404996,3.4913354558049625,307.919058220666,5.705811256685427,2.0,0.9569036960601807,-5.653837562886326,6.3970868481595575,312.18282823242095,4.416653823227874,2.0,0.9560902714729309,-8.791330846619498,6.728988926304055,309.6964373255176,1.601530615924298,2.0,0.9808515310287476,,,,,,,,,,,,,,,,,,,1.0,0.0,0.0,0.0,1.0,0.0,0.0,0.0,1.0,0.0,0.0,0.0,11
-5.87244974963233,3.685250560034138,307.94181247181115,6.035696216923535,2.0,0.9278322458267212,-5.67867318322134,6.420277927335544,312.4497248999303,4.545819308442864,2.0,0.9732409715652466,-8.834820705627436,6.7338805636846715,309.40807378123753,1.0280047663026388,2.0,0.9771466851234436,,,,,,,,,,,,,,,,,,,1.0,0.0,0.0,0.0,1.0,0.0,0.0,0.0,1.0,0.0,0.0,0.0,12
-5.904209329279053,3.8623705741422936,307.8384462964853,6.588970039936055,2.0,0.9192675352096558,-5.555354241287544,6.392374338984809,312.1256320321389,4.935960471836694,2.0,0.9731072187423706,-8.803380776985012,6.762298632961093,309.29060511102165,0.782680401986448,2.0,0.981431245803833,,,,,,,,,,,,,,,,,,,1.0,0.0,0.0,0.0,1.0,0.0,0.0,0.0,1.0,0.0,0.0,0.0,13
-5.931206021383292,3.8044935533998268,307.60361240103754,6.549621430100986,2.0,0.9503051042556763,-5.590147393385172,6.405841409280042,311.93932404483104,5.179895027692801,2.0,0.9758337140083313,-8.805673800109068,6.762217275533203,309.42066504638933,0.6687750646243442,2.0,0.9777847528457642,,,,,,,,,,,,,,,,,,,1.0,0.0,0.0,0.0,1.0,0.0,0.0,0.0,1.0,0.0,0.0,0.0,14
-5.8816810487444275,3.9175585959472636,307.45068141955755,6.452418560850802,2.0,0.8812741041183472,-5.65713903984003,6.425762780953847,312.25290405431264,4.773204544333769,2.0,0.9744608402252197,-8.834867249162894,6.773911632694724,309.3313048195469,0.8583248919241266,2.0,0.9880618453025818,,,,,,,,,,,,,,,,,,,1.0,0.0,0.0,0.0,1.0,0.0,0.0,0.0,1.0,0.0,0.0,0.0,15
-5.943190713658923,4.0215663426953,307.12317223064764,5.119178693191374,2.0,0.9083060026168823,-5.647793610452966,6.466986717719188,312.17675818017875,4.495622139954958,2.0,0.9762440919876099,-8.848020961509718,6.805023230805148,309.2007546850141,0.9467970956999436,2.0,0.9869688749313354,,,,,,,,,,,,,,,,,,,1.0,0.0,0.0,0.0,1.0,0.0,0.0,0.0,1.0,0.0,0.0,0.0,16
-5.807188842495981,3.7429223983418503,308.00308963161217,6.342747741346665,2.0,0.9463157653808594,-5.6657022435150495,6.399773719775963,312.28603088469896,4.451334906009073,2.0,0.9575412273406982,-8.767579255989242,6.747858872506291,309.73325821718396,0.7023661693878054,2.0,0.9905006885528564,,,,,,,,,,,,,,,,,,,1.0,0.0,0.0,0.0,1.0,0.0,0.0,0.0,1.0,0.0,0.0,0.0,17
-5.824127283036334,3.8081799329558383,307.83835999726256,6.872834816039586,2.0,0.8852558135986328,-5.670808524626304,6.444659636087936,312.2167059707227,4.493353045485159,2.0,0.9580240249633789,-8.764615735030045,6.713514739527498,310.12321106420296,0.9082862551418531,2.0,0.9854795932769775,,,,,,,,,,,,,,,,,,,1.0,0.0,0.0,0.0,1.0,0.0,0.0,0.0,1.0,0.0,0.0,0.0,18
-5.807451706811324,3.872576625454936,307.9540126921918,7.410696733639918,2.0,0.9019685983657837,-5.690487715908354,6.5037410342987325,312.41265908320673,5.29701270561616,2.0,0.9574897289276123,-8.79275770227715,6.731253280169819,310.1936279283171,0.961387553832787,2.0,0.9831727743148804,,,,,,,,,,,,,,,,,,,1.0,0.0,0.0,0.0,1.0,0.0,0.0,0.0,1.0,0.0,0.0,0.0,19
-5.862866056039261,3.933580446687329,307.4768150165054,6.198803699864323,2.0,0.9589791297912598,-5.692702327348983,6.434939085841075,312.2402281945023,4.463287879630745,2.0,0.9703311920166016,-8.877503455482175,6.767772466620496,309.9192910713067,1.0549118272098896,2.0,0.9882856607437134,,,,,,,,,,,,,,,,,,,1.0,0.0,0.0,0.0,1.0,0.0,0.0,0.0,1.0,0.0,0.0,0.0,20
-5.872659821107448,4.0714152695760735,307.30423698483656,5.311212915263105,2.0,0.9548826217651367,-5.665677756595628,6.471892072190523,312.5726510451666,5.328589669978411,2.0,0.9639534950256348,-8.832269077691436,6.735694702508195,309.978388576234,1.022191391243045,2.0,0.9793810844421387,,,,,,,,,,,,,,,,,,,1.0,0.0,0.0,0.0,1.0,0.0,0.0,0.0,1.0,0.0,0.0,0.0,21
-5.991301527013124,4.091307855384598,306.8848926807587,4.10597393502796,2.0,0.9207196831703186,-5.654367800683137,6.3697244874599805,312.30011671045304,4.567819686948599,2.0,0.9694005846977234,-8.824220173806648,6.73109466374537,309.91439134259014,1.1128747821998064,2.0,0.9787313938140869,,,,,,,,,,,,,,,,,,,1.0,0.0,0.0,0.0,1.0,0.0,0.0,0.0,1.0,0.0,0.0,0.0,22
-5.856204963278559,3.7020697306148245,307.30471320957656,5.197487067344227,2.0,0.9280205965042114,-5.635904788062681,6.358763522837378,312.49178290085814,4.8804313263465176,2.0,0.981394350528717,-8.826125623133775,6.710279452229728,309.90892233438376,1.017615356219264,2.0,0.9796061515808105,,,,,,,,,,,,,-20.56523337013366,0.013412537720415537,285.79591525695747,4.189155506602786,2.0,0.3115411400794983,1.0,0.0,0.0,0.0,1.0,0.0,0.0,0.0,1.0,0.0,0.0,0.0,23
-5.932473846505124,3.916054255746069,306.754982399165,1.5589772907389543,2.0,0.81422358751297,-5.612111426057389,6.3856956460682825,312.3992609417574,4.368847457363353,2.0,0.9421520829200745,-8.833309928517984,6.731884337722516,309.8947646386473,1.194807764493493,2.0,0.9350455403327942,,,,,,,,,,,,,,,,,,,1.0,0.0,0.0,0.0,1.0,0.0,0.0,0.0,1.0,0.0,0.0,0.0,24
-6.057059739573908,3.961278659242351,306.8455204623717,2.368617682690865,2.0,0.862845778465271,-5.635218740216113,6.464986964998751,312.8620702396151,4.988481139894777,2.0,0.9274847507476807,-8.851834181609254,6.7467044558891756,309.81634236112177,1.23753125213835,2.0,0.9727555513381958,,,,,,,,,,,,,,,,,,,1.0,0.0,0.0,0.0,1.0,0.0,0.0,0.0,1.0,0.0,0.0,0.0,25
-6.067834420544032,3.9462762764178416,306.8591554908162,2.9502305870465966,2.0,0.7721028327941895,-5.665084831201916,6.445016424763871,312.77560771488595,5.140993263518194,2.0,0.9300181269645691,-8.865737516689773,6.733248005944732,309.6884181377003,1.063557598359629,2.0,0.9591668248176575,,,,,,,,,,,,,,,,,,,1.0,0.0,0.0,0.0,1.0,0.0,0.0,0.0,1.0,0.0,0.0,0.0,26
-6.117460314248535,4.019786915761597,307.0397408311778,3.2288351641265676,2.0,0.7597591876983643,-5.698642297478525,6.505067890329904,312.698711979841,4.901252597697296,2.0,0.923061728477478,-8.896075453115166,6.752967950975293,309.8431680236203,1.0266187113485459,2.0,0.9574483036994934,,,,,,,,,,,,,,,,,,,1.0,0.0,0.0,0.0,1.0,0.0,0.0,0.0,1.0,0.0,0.0,0.0,27
-10.250529014895159,0.07468155663382178,315.4584597959324,41.04134381685558,2.0,0.7571253776550293,-10.805537858657333,2.2527553387923036,323.74604766976404,44.28391450638631,2.0,0.86402827501297,-8.899341064002835,6.740093845642207,309.85544941711663,1.0278758529802894,2.0,0.9146164655685425,,,,,,,,,,,,,,,,,,,1.0,0.0,0.0,0.0,1.0,0.0,0.0,0.0,1.0,0.0,0.0,0.0,28
-6.32542213716478,4.30268784374941,307.68623251665383,5.0375456163189085,2.0,0.6988229751586914,-5.7126549740363615,6.500691497828805,312.81838843591515,4.950431704126375,2.0,0.8014669418334961,-8.891531953932041,6.754996481395069,309.78423282549414,1.7081453754147908,2.0,0.8527383804321289,-19.245899694602816,-1.5092699619181598,285.59090864386064,9.953422133149369,2.0,0.7813864350318909,,,,,,,,,,,,,1.0,0.0,0.0,0.0,1.0,0.0,0.0,0.0,1.0,0.0,0.0,0.0,29
-6.2981900910331605,4.195989174034728,307.56699770036124,5.0260044777781285,2.0,0.7703617811203003,-5.732302309951066,6.4557668013142315,312.7927877388734,4.928997991172259,2.0,0.852182149887085,-8.880243957009581,6.743538456203908,309.63609988435496,1.6361155299473555,2.0,0.830342173576355,-18.995095739862517,-1.0059824562982735,283.813181835477,7.322328239972119,2.0,0.821361780166626,,,,,,,,,,,,,1.0,0.0,0.0,0.0,1.0,0.0,0.0,0.0,1.0,0.0,0.0,0.0,30
-6.325556125504868,4.06994751527303,307.6843067634464,4.214382622668782,2.0,0.5704926252365112,-5.742652299778745,6.418791840832284,312.8242488983318,4.609872791715927,2.0,0.7698639631271362,-8.861656740923626,6.737446247658476,309.75423150177835,1.5776994636699941,2.0,0.7976068258285522,-18.545910667245,-0.715482286895386,283.8608131399412,8.058461929077799,2.0,0.9548245072364807,,,,,,,,,,,,,1.0,0.0,0.0,0.0,1.0,0.0,0.0,0.0,1.0,0.0,0.0,0.0,31
-6.320415507914265,3.9150825622777816,307.55215459182,2.8113580109778553,2.0,0.7613404989242554,-5.714386863342254,6.422591516844828,313.00636972159316,4.513429774970145,2.0,0.8820878863334656,-8.84571585453415,6.732503336076206,309.79855883882664,1.5751715296807332,2.0,0.8928278684616089,-18.15421880485568,-0.5611754768104106,283.6918253914932,7.626204517905349,2.0,0.7135571241378784,,,,,,,,,,,,,1.0,0.0,0.0,0.0,1.0,0.0,0.0,0.0,1.0,0.0,0.0,0.0,32
-6.132067679067618,3.939626059711057,307.9946911898836,3.2398117530310024,2.0,0.6142141819000244,-5.747123098165177,6.430247877098043,312.8330572183374,4.910028209260681,2.0,0.7785212993621826,-8.847832317365382,6.741128854693004,309.7440526385049,1.5144410282173395,2.0,0.8156988620758057,-17.602695902538798,-0.7265390313697387,283.1308346240725,6.390280406618592,2.0,0.8483932614326477,,,,,,,,,,,,,1.0,0.0,0.0,0.0,1.0,0.0,0.0,0.0,1.0,0.0,0.0,0.0,33
-6.070140839522813,3.861138693087537,307.9167508253664,4.593487408017621,2.0,0.892458438873291,-5.667441727841925,6.44665197991903,313.1543913443597,5.114831621110033,2.0,0.9575638175010681,-8.79814699431355,6.74137427440286,309.6807051465396,1.4640388652607972,2.0,0.9527688026428223,,,,,,,,,,,,,,,,,,,1.0,0.0,0.0,0.0,1.0,0.0,0.0,0.0,1.0,0.0,0.0,0.0,34
-6.075965909839592,3.724249774125915,308.01211706950494,5.919685581458757,2.0,0.83259516954422,-5.729916371748104,6.400832820652825,313.0711806329561,5.63600169627999,2.0,0.8650429248809814,-8.804160187964017,6.739400667227516,309.7338911108674,1.1152005831666516,2.0,0.915735125541687,,,,,,,,,,,,,,,,,,,1.0,0.0,0.0,0.0,1.0,0.0,0.0,0.0,1.0,0.0,0.0,0.0,35
-6.062332181785806,3.772550659617454,307.9686491115904,4.319887622874376,2.0,0.8560842275619507,-5.6500794010428415,6.34169190709732,312.8622462103117,4.489406857713268,2.0,0.9119202494621277,-8.80488729694563,6.747727096607572,309.75568781778765,1.1318512116473278,2.0,0.909835934638977,-17.503412139898504,-0.45481822924304655,283.3392656338216,8.515996303096845,2.0,0.4496048390865326,,,,,,,,,,,,,1.0,0.0,0.0,0.0,1.0,0.0,0.0,0.0,1.0,0.0,0.0,0.0,36
-6.018181278238678,3.709708652092618,307.85864678200727,5.667212988254014,2.0,0.8806498050689697,-5.719559610830144,6.450694293977926,312.9844786965439,5.731047177528536,2.0,0.8876950144767761,-8.823016819502852,6.751181639436399,309.7068925032855,1.2018986515702035,2.0,0.8972455263137817,-17.732907183434634,-0.5688068039293581,283.68587671982414,6.506112899653938,2.0,0.8989319801330566,,,,,,,-18.796386784358013,2.645154041059694,286.1734477551638,15.123023975724575,2.0,0.32111525535583496,1.0,0.0,0.0,0.0,1.0,0.0,0.0,0.0,1.0,0.0,0.0,0.0,37
-6.030518325566677,3.879342284455486,307.6035708816018,3.1757779178882286,2.0,0.8652791976928711,-5.745753397598883,6.446497791607757,312.86513718125997,5.246745516855377,2.0,0.903609037399292,-8.80469003353956,6.733992421798039,309.7308041628504,1.2874575455432928,2.0,0.9348186254501343,-17.844972129782953,-0.43249527828374135,283.62126218811267,5.907065078564344,2.0,0.9455628991127014,-19.796781616580986,1.5104274333513357,282.60616778347554,5.999060103670421,2.0,0.3471466302871704,-18.995498456691774,2.537411650994687,286.0722060023699,11.391600410411797,2.0,0.6791147589683533,1.0,0.0,0.0,0.0,1.0,0.0,0.0,0.0,1.0,0.0,0.0,0.0,38
-6.078026907787729,3.756703708206927,307.9133817776436,4.885573560208048,2.0,0.8236171007156372,-5.741324662897962,6.425527970527141,312.95147624179685,5.3329570741784496,2.0,0.929011344909668,-8.802980577063368,6.73385797417587,309.7373187532205,1.2220676464432432,2.0,0.9437170028686523,-17.537636316764576,-0.4741758879878809,282.99584350435896,5.8284841419228925,2.0,0.8333433866500854,,,,,,,,,,,,,1.0,0.0,0.0,0.0,1.0,0.0,0.0,0.0,1.0,0.0,0.0,0.0,39
-6.019298070482262,3.803168048315038,308.0324793341152,3.7312573501146264,2.0,0.731272280216217,-5.69125361069733,6.369155160943312,312.868257902734,4.42526851432814,2.0,0.9430961012840271,-8.78952162840203,6.718012232133435,309.8280969008859,1.0098343021808542,2.0,0.9549064636230469,-17.496617244936452,-0.27522192683740754,282.7477574987601,6.610817809534552,2.0,0.8092701435089111,,,,,,,,,,,,,1.0,0.0,0.0,0.0,1.0,0.0,0.0,0.0,1.0,0.0,0.0,0.0,40
-6.042181577750024,3.774920217099576,307.9814974904993,4.769858723858244,2.0,0.8939294815063477,-5.656075259370413,6.324569783547262,312.61769840163055,4.5725523667637,2.0,0.945362389087677,-8.78528926785232,6.705092959631425,309.7333182302094,1.114886565919814,2.0,0.970687985420227,,,,,,,,,,,,,,,,,,,1.0,0.0,0.0,0.0,1.0,0.0,0.0,0.0,1.0,0.0,0.0,0.0,41
-6.027330734104668,3.8430632675613388,307.9631405539037,5.536189658118831,2.0,0.9320130348205566,-5.715895416763267,6.449849138972749,312.9291554941044,5.597481590245572,2.0,0.9427568912506104,-8.774568044463955,6.7231667272734805,309.68101926408605,1.2062947440583591,2.0,0.965544581413269,,,,,,,,,,,,,,,,,,,1.0,0.0,0.0,0.0,1.0,0.0,0.0,0.0,1.0,0.0,0.0,0.0,42
-5.972592325877614,3.9358837342882063,307.8424696176912,7.174383852600281,2.0,0.9118926525115967,-5.772728083095924,6.47908906623532,313.0114433940267,6.153218422791298,2.0,0.9493568539619446,-8.769225761572137,6.73024558657291,309.7632986611198,1.1404488227849674,2.0,0.9571993947029114,,,,,,,,,,,,,,,,,,,1.0,0.0,0.0,0.0,1.0,0.0,0.0,0.0,1.0,0.0,0.0,0.0,43
-5.988249825071374,4.142005384978144,307.44549817972086,5.338752347167751,2.0,0.9124214053153992,-5.754515052991107,6.513983906953741,313.10564084781936,5.805694984127653,2.0,0.9318853616714478,-8.800832171058387,6.728231264954311,309.9250668405351,0.9702657253249551,2.0,0.9639528393745422,,,,,,,,,,,,,,,,,,,1.0,0.0,0.0,0.0,1.0,0.0,0.0,0.0,1.0,0.0,0.0,0.0,44
-5.934886292670574,3.9371986127253424,307.78459390581037,5.961996605919923,2.0,0.9053716659545898,-5.723590718900648,6.503558702204784,313.0351489937142,5.547146819012351,2.0,0.8991843461990356,-8.77442947695582,6.742383555644072,309.9290821134048,0.9547052707154303,2.0,0.885664701461792,,,,,,,,,,,,,,,,,,,1.0,0.0,0.0,0.0,1.0,0.0,0.0,0.0,1.0,0.0,0.0,0.0,45
-5.9300562530621095,3.9455180973331156,307.6750585264536,7.309989026251371,2.0,0.9505977630615234,-5.619481915279591,6.359504387526133,312.7027090417079,5.627446032566414,2.0,0.7878929376602173,-8.760557211981439,6.748665530483056,310.00027939076347,0.9965746550688164,2.0,0.8996358513832092,,,,,,,,,,,,,,,,,,,1.0,0.0,0.0,0.0,1.0,0.0,0.0,0.0,1.0,0.0,0.0,0.0,46
-6.025387250113519,4.244128324094774,306.9046766866288,5.330213234359492,2.0,0.9336342811584473,-5.591287576914334,6.449897208312911,312.6198041700811,4.630095068872089,2.0,0.8172404766082764,-8.794765667166708,6.77275471167273,309.9420974210823,0.8186141398704996,2.0,0.8944940567016602,,,,,,,,,,,,,,,,,,,1.0,0.0,0.0,0.0,1.0,0.0,0.0,0.0,1.0,0.0,0.0,0.0,47
-6.014714772493007,4.362419589666846,306.8772999855729,4.891446546199144,2.0,0.9296644926071167,-5.620799009640212,6.537993741420694,312.71223536236437,5.204219707612273,2.0,0.7042679190635681,-8.81253309779449,6.770768062153337,309.7988245735264,0.5843165341852248,2.0,0.7150079011917114,,,,,,,,,,,,,,,,,,,1.0,0.0,0.0,0.0,1.0,0.0,0.0,0.0,1.0,0.0,0.0,0.0,48
-5.884436282403333,4.299182910422334,306.506936218002,3.4480403018933794,2.0,0.9130139350891113,-5.563861143843491,6.424969169322434,312.5300833193826,4.4090370680186535,2.0,0.752444863319397,-8.789179623073354,6.764218808962113,309.69836946395134,0.829386274943079,2.0,0.8826721906661987,,,,,,,,,,,,,,,,,,,1.0,0.0,0.0,0.0,1.0,0.0,0.0,0.0,1.0,0.0,0.0,0.0,49
-5.9265933249126945,4.27056279132513,306.4285796592217,4.361700619527357,2.0,0.9710793495178223,-5.5424513734065854,6.389487167233711,312.5224141957886,4.769481313390031,2.0,0.9385074377059937,-8.757271262632413,6.752499118992674,309.67241444480135,0.6607564452062065,2.0,0.9756189584732056,,,,,,,,,,,,,,,,,,,1.0,0.0,0.0,0.0,1.0,0.0,0.0,0.0,1.0,0.0,0.0,0.0,50
-5.868383654476987,4.2409695455925895,306.2477805974668,3.7128419709325664,2.0,0.8939950466156006,-5.526927321946947,6.3799417559642855,312.4799876373826,4.981151782364478,2.0,0.9015792012214661,-8.735835049273863,6.707199856883389,309.49524086676007,0.862128618163072,2.0,0.9784454703330994,,,,,,,,,,,,,,,,,,,1.0,0.0,0.0,0.0,1.0,0.0,0.0,0.0,1.0,0.0,0.0,0.0,51
-5.955968164823213,3.996100260566706,306.54771976533505,5.550503857534392,2.0,0.8148742914199829,-5.5905069005637165,6.318086539568181,312.30227370430947,5.575673211295123,2.0,0.8667540550231934,-8.778471783340546,6.709832199713837,309.5383256980153,0.6325722373993476,2.0,0.9562279582023621,,,,,,,,,,,,,,,,,,,1.0,0.0,0.0,0.0,1.0,0.0,0.0,0.0,1.0,0.0,0.0,0.0,52
-5.856331714239772,3.977695736903074,306.59714502670874,5.949157640044676,2.0,0.8768516778945923,-5.508893510399032,6.267475126806284,312.42894492300536,5.968149265458127,2.0,0.9397786855697632,-8.691404328890464,6.666234310097258,309.66932412261497,0.998993564793601,2.0,0.9564018249511719,,,,,,,,,,,,,,,,,,,1.0,0.0,0.0,0.0,1.0,0.0,0.0,0.0,1.0,0.0,0.0,0.0,53
-5.995231102792801,3.733741830623521,306.63626514035224,6.980199293490702,2.0,0.9442205429077148,-5.55912083530355,6.2090687982379125,312.30499313797816,6.4625173935656886,2.0,0.8056451082229614,-8.608002666718738,6.61487198179916,309.98446678861484,0.7319754341969854,2.0,0.8145879507064819,,,,,,,,,,,,,,,,,,,1.0,0.0,0.0,0.0,1.0,0.0,0.0,0.0,1.0,0.0,0.0,0.0,54
-5.844888447219771,4.004149934962203,306.1529844057834,7.177122604588259,2.0,0.9235129356384277,-5.539139238684434,6.26403003015431,312.26880075257094,6.053236316965026,2.0,0.900470495223999,-8.588787122369324,6.64738182908445,309.749301187686,1.2179787196832779,2.0,0.9123443961143494,,,,,,,,,,,,,,,,,,,1.0,0.0,0.0,0.0,1.0,0.0,0.0,0.0,1.0,0.0,0.0,0.0,55
-5.905493590500327,4.337992086882133,305.5532471666408,5.585060483263323,2.0,0.8546402454376221,-5.508812214011498,6.316167551045098,312.3270035733689,5.845821046623628,2.0,0.8958929777145386,-8.609326837681992,6.647582832470611,309.5385036960169,1.251391289138113,2.0,0.9080564975738525,,,,,,,,,,,,,,,,,,,1.0,0.0,0.0,0.0,1.0,0.0,0.0,0.0,1.0,0.0,0.0,0.0,56
-5.9332870192694225,4.121234424403766,306.36164637941664,8.653089226101155,2.0,0.972926139831543,-5.51968414635462,6.236239259129463,312.39389526314136,6.4591171567350205,2.0,0.9388394951820374,-8.618558347106221,6.662525127521346,309.4788637646777,1.2583187131645521,2.0,0.934939444065094,,,,,,,,,,,,,,,,,,,1.0,0.0,0.0,0.0,1.0,0.0,0.0,0.0,1.0,0.0,0.0,0.0,57
-6.00738333096381,4.390711745634505,305.69727466525575,6.243497451003078,2.0,0.9784955978393555,-5.448982459235151,6.239064569605045,312.17147658890883,6.36588847634878,2.0,0.9531791806221008,-8.596514906054736,6.674489338008378,309.4221647453361,1.4073242259714538,2.0,0.9655035734176636,,,,,,,,,,,,,,,,,,,1.0,0.0,0.0,0.0,1.0,0.0,0.0,0.0,1.0,0.0,0.0,0.0,58
-6.001276116631757,4.584226606226687,305.71653496841725,6.442463023467902,2.0,0.9818675518035889,-5.503253517053365,6.397098589647039,312.0015921837369,5.841304785082814,2.0,0.907934308052063,-8.607731304627483,6.675154754646831,309.3971680234046,1.420556244720248,2.0,0.8956858515739441,,,,,,,,,,,,,,,,,,,1.0,0.0,0.0,0.0,1.0,0.0,0.0,0.0,1.0,0.0,0.0,0.0,59
-5.867012800755505,4.555050321820868,305.4335402511658,4.268043878401375,2.0,0.9670301675796509,-5.507722709118888,6.3887360494652725,311.63646076322595,5.418714670307885,2.0,0.6774134635925293,-8.565513098165376,6.61011978920619,309.7877740607293,1.2684562063189344,2.0,0.9025616645812988,,,,,,,,,,,,,,,,,,,1.0,0.0,0.0,0.0,1.0,0.0,0.0,0.0,1.0,0.0,0.0,0.0,60
-5.996437750607989,4.69132040659732,305.58643092433437,5.656367622006566,2.0,0.939165472984314,-5.493715701033215,6.478619018780204,312.04932763311103,5.400576687940777,2.0,0.7030627131462097,-8.596105146788824,6.629077894931641,309.5757255761759,1.20002220275599,2.0,0.8842735290527344,,,,,,,,,,,,,,,,,,,1.0,0.0,0.0,0.0,1.0,0.0,0.0,0.0,1.0,0.0,0.0,0.0,61
-5.9911766470227095,4.721488745556881,305.7632077912921,6.641221236158915,2.0,0.9794191122055054,-5.599435760404823,6.574690145448493,311.80873145228804,5.3992126854701326,2.0,0.7962160706520081,-8.570279379090469,6.631071532182078,309.483070256575,1.1873454500250658,2.0,0.9374827742576599,,,,,,,,,,,,,,,,,,,1.0,0.0,0.0,0.0,1.0,0.0,0.0,0.0,1.0,0.0,0.0,0.0,62
-5.764599421919613,4.6029792951141015,305.64678869050374,5.192786417560564,2.0,0.8918954730033875,-5.473700885336513,6.61453118610962,311.5081444119494,5.50917942713123,2.0,0.9012839794158936,-8.516265964747909,6.624579714303008,309.4389586011315,1.0329053073439272,2.0,0.9776972532272339,,,,,,,,,,,,,,,,,,,1.0,0.0,0.0,0.0,1.0,0.0,0.0,0.0,1.0,0.0,0.0,0.0,63
-5.751812602761557,4.589554584334394,305.70648090046313,6.064769951266206,2.0,0.9478403329849243,-5.4747552570703055,6.545654680998215,311.8050964359508,5.354446550675249,2.0,0.8499763607978821,-8.516680436475381,6.599370761101767,309.47980729713186,0.9171041197005371,2.0,0.971998393535614,,,,,,,,,,,,,,,,,,,1.0,0.0,0.0,0.0,1.0,0.0,0.0,0.0,1.0,0.0,0.0,0.0,64
-5.857587627842526,4.48121200234849,305.854453116324,6.404464578352167,2.0,0.9668511152267456,-20.195565872948993,1.7073967307642968,262.78682953213325,111.37352086172424,2.0,0.9195961952209473,-8.560925361091238,6.551466421454435,309.38238011333544,0.684671571444385,2.0,0.986815869808197,,,,,,,,,,,,,,,,,,,1.0,0.0,0.0,0.0,1.0,0.0,0.0,0.0,1.0,0.0,0.0,0.0,65
-5.9892552443372065,4.737200950623106,306.0845474447099,3.6069159028755493,2.0,0.6544494032859802,-20.27861548436478,1.5223377619474279,262.6400828784648,113.14798058531238,2.0,0.9328596591949463,-21.830810498932724,0.2080997267589026,266.25771873084614,115.22881663887298,2.0,0.9512009620666504,,,,,,,,,,,,,,,,,,,1.0,0.0,0.0,0.0,1.0,0.0,0.0,0.0,1.0,0.0,0.0,0.0,66
-6.277349299782976,4.510954629260951,307.311591153315,4.180027370219866,2.0,0.9307339191436768,-20.59732340767225,1.1622472715329322,262.23297839866734,115.61320281130139,2.0,0.9579808712005615,-8.562058380567363,6.595340853954987,309.0943521208117,0.7095419552617499,2.0,0.9644360542297363,,,,,,,,,,,,,,,,,,,1.0,0.0,0.0,0.0,1.0,0.0,0.0,0.0,1.0,0.0,0.0,0.0,67
-6.669222765654042,4.156734343308199,308.5684751880537,6.957810705317076,2.0,0.7974799871444702,-5.845587335448938,6.368451526874873,312.4436762203872,3.856505752324077,2.0,0.9250949621200562,-8.879982226127265,6.697097126162421,309.33271622074324,0.8851947896119241,2.0,0.9569395184516907,,,,,,,,,,,,,,,,,,,1.0,0.0,0.0,0.0,1.0,0.0,0.0,0.0,1.0,0.0,0.0,0.0,68
-7.089974861191282,3.80075596299781,308.93799429193285,10.014822589952564,2.0,0.9487060904502869,-6.302616820130005,6.155780418967918,313.3064083971512,2.81227726492394,2.0,0.9416228532791138,-8.974614365135524,6.576901202584342,309.48440554106975,2.1099356991470977,2.0,0.9518176317214966,,,,,,,,,,,,,,,,,,,1.0,0.0,0.0,0.0,1.0,0.0,0.0,0.0,1.0,0.0,0.0,0.0,69
-7.711789896511944,3.5451764151526883,309.0566909967312,9.781887145968625,2.0,0.701023280620575,-6.700753482819391,5.64818201840245,312.16605560864446,1.1780242879837135,2.0,0.9635831117630005,-9.314273354283774,6.330268467516097,309.85248812537975,2.3239261709821855,2.0,0.8714560270309448,-20.064991846033788,0.4641880977338648,267.7798394490349,92.72432353434013,2.0,0.37147873640060425,,,,,,,,,,,,,1.0,0.0,0.0,0.0,1.0,0.0,0.0,0.0,1.0,0.0,0.0,0.0,70
,,,,,,,,,,,,,,,,,,-21.56657799078008,0.7243418768853788,267.36983117187947,86.31759205859801,2.0,0.8202112317085266,,,,,,,-10.36115466301979,6.432183248735723,311.2083033322023,3.672478747708732,2.0,0.9335569143295288,1.0,0.0,0.0,0.0,1.0,0.0,0.0,0.0,1.0,0.0,0.0,0.0,71
-11.955239860340924,2.3003871391845596,310.377550601557,2.5501866209498565,2.0,0.6425886154174805,-10.811402145991044,4.834862952823881,313.8694653371739,1.6478244011503633,2.0,0.3205992877483368,,,,,,,-23.20022011450378,0.5120675896464625,270.09478913144676,70.75704863104471,2.0,0.8308506011962891,,,,,,,,,,,,,1.0,0.0,0.0,0.0,1.0,0.0,0.0,0.0,1.0,0.0,0.0,0.0,72
,,,,,,,,,,,,,,,,,,,,,,,,,,,,,,,,,,,,1.0,0.0,0.0,0.0,1.0,0.0,0.0,0.0,1.0,0.0,0.0,0.0,73
,,,,,,,,,,,,,,,,,,,,,,,,,,,,,,,,,,,,1.0,0.0,0.0,0.0,1.0,0.0,0.0,0.0,1.0,0.0,0.0,0.0,74
,,,,,,,,,,,,,,,,,,,,,,,,,,,,,,,,,,,,1.0,0.0,0.0,0.0,1.0,0.0,0.0,0.0,1.0,0.0,0.0,0.0,75
,,,,,,-24.28497733603093,-0.5987678520770333,313.6358101042466,4.843888531137513,2.0,0.7762210369110107,-25.302889058104682,-1.5694705932190862,309.52924942828594,6.295686213945931,2.0,0.3064318299293518,,,,,,,,,,,,,,,,,,,1.0,0.0,0.0,0.0,1.0,0.0,0.0,0.0,1.0,0.0,0.0,0.0,76
-24.46331694176827,-2.7346230747035607,308.37044950766096,1.0678792856531865,2.0,0.6127607822418213,-26.643845001279956,-1.0274132617402496,311.5790939244537,8.250216698945504,2.0,0.9532244801521301,-28.35707162170755,-2.835565871934355,311.1780750242293,8.830466467659697,2.0,0.9938671588897705,,,,,,,,,,,,,,,,,,,1.0,0.0,0.0,0.0,1.0,0.0,0.0,0.0,1.0,0.0,0.0,0.0,77
-26.126144718457695,-2.4815858967493662,310.57748011488087,6.111370208617134,2.0,0.966230034828186,-29.32108212304389,-1.5392640183046453,312.6254460204376,9.975025221537042,2.0,0.997279167175293,-30.251426902334956,-4.183327009661371,312.4104748271839,6.728040216509784,2.0,0.9994451403617859,,,,,,,,,,,,,,,,,,,1.0,0.0,0.0,0.0,1.0,0.0,0.0,0.0,1.0,0.0,0.0,0.0,78
-28.472054757203672,-3.1562443311313766,312.962216398763,8.796010326269132,2.0,0.8326126337051392,,,,,,,-31.95295147226847,-4.497709664167261,312.1431132878691,3.4978812028641437,2.0,0.7483600378036499,,,,,,,,,,,,,,,,,,,1.0,0.0,0.0,0.0,1.0,0.0,0.0,0.0,1.0,0.0,0.0,0.0,79
,,,,,,,,,,,,,,,,,,,,,,,,,,,,,,,,,,,,1.0,0.0,0.0,0.0,1.0,0.0,0.0,0.0,1.0,0.0,0.0,0.0,80
-30.82326760463407,-3.7538823357885978,314.53380664793673,8.596100515548866,2.0,0.5383052825927734,-34.97180606033516,-3.085850009546087,314.35885761067186,10.194362600335312,2.0,0.9184870719909668,-34.96312363598361,-5.381857653186351,314.0449932017847,4.410419594392016,2.0,0.8750753402709961,,,,,,,,,,,,,,,,,,,1.0,0.0,0.0,0.0,1.0,0.0,0.0,0.0,1.0,0.0,0.0,0.0,81
-31.964947705176133,-4.361799377183781,313.5354147369573,10.5630727449816,2.0,0.9499204158782959,-36.546306233310936,-3.5919322526622666,314.326890227727,12.46437988470838,2.0,0.9981679916381836,-35.98889314187657,-5.973604655436318,313.72449403082226,7.459285322971349,2.0,0.999589204788208,,,,,,,,,,,,,,,,,,,1.0,0.0,0.0,0.0,1.0,0.0,0.0,0.0,1.0,0.0,0.0,0.0,82
-33.02624227447345,-4.579643802570853,313.0463552973651,8.78206137252183,2.0,0.9947382211685181,-37.71826634563185,-4.229438715239876,313.707593630167,9.182708597382511,2.0,0.9961531162261963,-37.157487374214945,-6.413577032022122,312.9925539865685,4.782793673741225,2.0,0.9993239045143127,,,,,,,,,,,,,,,,,,,1.0,0.0,0.0,0.0,1.0,0.0,0.0,0.0,1.0,0.0,0.0,0.0,83
-34.47103952899257,-4.969153702389308,313.06584618270017,7.441154475853062,2.0,0.9322229623794556,-38.658794442106824,-4.797306519105409,313.1194642490541,7.699696010956828,2.0,0.9987455010414124,-38.30096312985457,-6.863612016325912,311.442326796902,5.089843861652183,2.0,0.9995297193527222,,,,,,,,,,,,,,,,,,,1.0,0.0,0.0,0.0,1.0,0.0,0.0,0.0,1.0,0.0,0.0,0.0,84
-35.376403481609586,-5.521694823697137,312.93053521115996,7.632507234526903,2.0,0.9440391063690186,-39.62253533538589,-5.311987407057888,313.52352038114327,10.006946812613023,2.0,0.9976310729980469,-39.038809401592225,-7.444829280078521,312.6309501347681,4.430325760524003,2.0,0.9986829161643982,,,,,,,,,,,,,,,,,,,1.0,0.0,0.0,0.0,1.0,0.0,0.0,0.0,1.0,0.0,0.0,0.0,85
-35.96396388442554,-5.84705451683902,314.1585025450911,7.524305059050151,2.0,0.9982047080993652,-40.26687533877825,-6.072255693228366,313.728350117894,7.6385276985551585,2.0,0.9964777231216431,-39.52801282004885,-8.07727738479679,312.8920959658191,2.9866582462897133,2.0,0.9997093081474304,,,,,,,,,,,,,,,,,,,1.0,0.0,0.0,0.0,1.0,0.0,0.0,0.0,1.0,0.0,0.0,0.0,86
-36.23636104975672,-6.423560028327123,313.9927824946056,5.101756401510863,2.0,0.9997837543487549,-40.557221608555146,-6.64432373296467,313.55782409185025,4.52677235049611,2.0,0.9971861839294434,-39.988079936120585,-8.738005859495702,313.2654937384767,2.5855949731463825,2.0,0.9990924596786499,,,,,,,,,,,,,,,,,,,1.0,0.0,0.0,0.0,1.0,0.0,0.0,0.0,1.0,0.0,0.0,0.0,87
-37.393412116517034,-7.333689559615216,313.7945349440399,6.787814842239125,2.0,0.9988938570022583,-41.50377820293965,-7.421965289655121,313.8760746250233,4.766938896181097,2.0,0.9864386320114136,-40.83498785330306,-9.23123215026152,313.3442121461005,2.448182174210931,2.0,0.9956319332122803,,,,,,,,,,,,,,,,,,,1.0,0.0,0.0,0.0,1.0,0.0,0.0,0.0,1.0,0.0,0.0,0.0,88
-38.090281405759185,-7.685059981355873,313.00693102341563,9.050895038298009,2.0,0.9989608526229858,-42.31116032075928,-7.883297454521472,312.9306766167085,5.152227635870244,2.0,0.9952158331871033,-41.57955146186126,-9.934903646382045,312.68488681113314,2.772371455014501,2.0,0.9991132020950317,,,,,,,,,,,,,,,,,,,1.0,0.0,0.0,0.0,1.0,0.0,0.0,0.0,1.0,0.0,0.0,0.0,89
-38.40763329273897,-8.24102201584932,313.15966514344666,6.851302818958751,2.0,0.9983347654342651,-42.853831886530024,-8.37942214575838,312.82493943433957,1.1745817506904037,2.0,0.989126980304718,-42.11582344048324,-10.418845667559395,312.19043249046484,0.6788754525061713,2.0,0.9985207319259644,,,,,,,,,,,,,,,,,,,1.0,0.0,0.0,0.0,1.0,0.0,0.0,0.0,1.0,0.0,0.0,0.0,90
-39.08499724178275,-8.435067438774952,312.5325680875155,4.649378840632213,2.0,0.9959428310394287,-43.48494959842996,-8.612093123915292,312.4233585467579,0.7283214304696942,2.0,0.9944810271263123,-42.88836460417027,-10.488563299791451,312.2101253076766,3.6801312568234534,2.0,0.9982796907424927,,,,,,,,,,,,,,,,,,,1.0,0.0,0.0,0.0,1.0,0.0,0.0,0.0,1.0,0.0,0.0,0.0,91
-39.261625892911056,-8.257475366609528,313.00006644989037,2.704513665352085,2.0,0.9990055561065674,-43.92625368532919,-8.64443210656709,313.2930886373944,0.21493015483467381,2.0,0.9966860413551331,-43.29984659346677,-10.590776210357905,312.85206199919884,2.703307723525814,2.0,0.99969482421875,,,,,,,,,,,,,,,,,,,1.0,0.0,0.0,0.0,1.0,0.0,0.0,0.0,1.0,0.0,0.0,0.0,92
-39.33864599486578,-8.557975889527388,313.9585750816415,3.459254829333903,2.0,0.9997084736824036,-44.03610362010127,-8.989422411244329,314.0839664445795,1.2453100269079225,2.0,0.9958834648132324,-43.3438779227806,-10.966476138125874,314.0019598917957,0.9868027707884578,2.0,0.9988943934440613,,,,,,,,,,,,,,,,,,,1.0,0.0,0.0,0.0,1.0,0.0,0.0,0.0,1.0,0.0,0.0,0.0,93
-39.90508976643593,-8.79913982343202,314.6191055045942,4.808979534769409,2.0,0.9987003207206726,-44.42894048475633,-9.639485126850722,314.97172491258607,0.2991595648526775,2.0,0.9837977886199951,-43.61840137651958,-11.382155751047403,315.1033718461684,1.9860462228652462,2.0,0.9972761869430542,,,,,,,,,,,,,,,,,,,1.0,0.0,0.0,0.0,1.0,0.0,0.0,0.0,1.0,0.0,0.0,0.0,94
-40.28053716798279,-9.089022600026523,313.7963571254957,5.669425688631888,2.0,0.9997703433036804,-45.10509738055334,-10.342043935774154,314.69518811167717,2.361203346358378,2.0,0.9879746437072754,-44.32985021503751,-12.154217370769636,314.5219325177258,3.234709431754955,2.0,0.9742518663406372,,,,,,,,,,,,,,,,,,,1.0,0.0,0.0,0.0,1.0,0.0,0.0,0.0,1.0,0.0,0.0,0.0,95
-41.11055436591327,-10.124769279046612,313.5915693923595,4.12252311425281,2.0,0.9984582662582397,-45.308182872536506,-10.646154262645037,313.63147527950116,0.6682811473731464,2.0,0.9426509141921997,-44.70375584331334,-12.625043609978274,313.6376231547132,4.663720021688256,2.0,0.9980202913284302,,,,,,,,,,,,,,,,,,,1.0,0.0,0.0,0.0,1.0,0.0,0.0,0.0,1.0,0.0,0.0,0.0,96
-41.48240446302611,-10.90103033678087,312.4456418286075,1.6356082629043744,2.0,0.9993040561676025,-46.048864749955975,-11.647829047023244,312.85784488398514,4.220529692789228,2.0,0.9641352891921997,-45.16707507752399,-13.453895967502636,312.4413406089408,6.109502092289516,2.0,0.987719714641571,,,,,,,,,,,,,,,,,,,1.0,0.0,0.0,0.0,1.0,0.0,0.0,0.0,1.0,0.0,0.0,0.0,97
-41.66185170729733,-11.210807234824381,312.2712410804994,2.747536514849852,2.0,0.9993242025375366,-46.3019500842953,-11.880993727626478,313.50677652164313,5.13625589204966,2.0,0.9672118425369263,-45.42051591510093,-13.875954335427519,312.90324726745996,8.416694339034535,2.0,0.9783586263656616,,,,,,,,,,,,,,,,,,,1.0,0.0,0.0,0.0,1.0,0.0,0.0,0.0,1.0,0.0,0.0,0.0,98
-42.19429611063424,-11.656237365098661,312.7946205812589,2.162905553163467,2.0,0.9987602233886719,-46.61259327984318,-12.145057236245677,313.5505056562281,7.822117373041484,2.0,0.9688647985458374,-45.904263964669106,-14.35847995155874,313.070314310667,8.603515855809825,2.0,0.9791377186775208,,,,,,,,,,,,,,,,,,,1.0,0.0,0.0,0.0,1.0,0.0,0.0,0.0,1.0,0.0,0.0,0.0,99
-41.98943514796169,-12.00582515103781,312.59945429233403,3.1429435074157546,2.0,0.9980546236038208,-46.455812953827554,-12.698006284697069,313.7115259819489,9.49730774122479,2.0,0.5274915099143982,-45.748687809804956,-14.696599809917103,313.3300323296491,8.853987977323555,2.0,0.9262967705726624,,,,,,,,,,,,,,,,,,,1.0,0.0,0.0,0.0,1.0,0.0,0.0,0.0,1.0,0.0,0.0,0.0,100
-41.8230070445203,-11.99309161640464,312.5216181109097,5.354880659806701,2.0,0.9990861415863037,-46.67397217646408,-12.800232893730902,313.5405286426306,7.211394448499117,2.0,0.934607744216919,-45.72355806911163,-14.648625811022251,313.1684029058401,8.906149771661358,2.0,0.9370938539505005,,,,,,,,,,,,,,,,,,,1.0,0.0,0.0,0.0,1.0,0.0,0.0,0.0,1.0,0.0,0.0,0.0,101
-42.25703075090448,-12.039858945371154,312.76104270107055,3.2411888111575413,2.0,0.9997528791427612,-46.91403815149638,-12.770600520183317,313.3731323816566,6.046361630463705,2.0,0.9935747385025024,-46.03196811633104,-14.838096009189652,313.14929055716067,6.853063594679796,2.0,0.9652018547058105,,,,,,,,,,,,,,,,,,,1.0,0.0,0.0,0.0,1.0,0.0,0.0,0.0,1.0,0.0,0.0,0.0,102
-42.60473387383749,-12.13443545957282,311.30297020968794,4.361216378662263,2.0,0.9994077682495117,-46.931386773031456,-12.57327936126338,312.695598906527,5.770609395416853,2.0,0.9755030870437622,-46.21670404313957,-14.784109545659224,313.4045193449507,4.318111542978601,2.0,0.9969581961631775,,,,,,,,,,,,,,,,,,,1.0,0.0,0.0,0.0,1.0,0.0,0.0,0.0,1.0,0.0,0.0,0.0,103
-42.4733892871992,-11.918349171322738,312.17944479466786,0.40573121394517164,2.0,0.9997670650482178,-46.972363427724574,-12.05725321801094,311.6738222631013,4.738654119709551,2.0,0.7405456900596619,-46.53865717805782,-14.688893497658293,311.74893694346224,8.218240093209742,2.0,0.8009833693504333,,,,,,,,,,,,,,,,,,,1.0,0.0,0.0,0.0,1.0,0.0,0.0,0.0,1.0,0.0,0.0,0.0,104
-42.54287921937192,-12.040946042343576,311.5813894253645,0.6619588113487149,2.0,0.9976564645767212,-47.05885202866557,-12.139876039331087,310.40978664165743,2.7007364125578253,2.0,0.9094775319099426,-46.62286140085371,-14.52695815879061,310.93121455798575,5.388273765596957,2.0,0.9926892518997192,,,,,,,,,,,,,,,,,,,1.0,0.0,0.0,0.0,1.0,0.0,0.0,0.0,1.0,0.0,0.0,0.0,105
-42.27505206066776,-12.313501549052768,310.9100569725271,0.6596762532047447,2.0,0.9959926605224609,-47.02670409496415,-12.429409701946566,310.16687015922764,6.286858312297475,2.0,0.9573607444763184,-46.651013964354654,-15.15029849567227,312.1477494120035,8.001821324913063,2.0,0.9913233518600464,,,,,,,,,,,,,,,,,,,1.0,0.0,0.0,0.0,1.0,0.0,0.0,0.0,1.0,0.0,0.0,0.0,106
-42.517811906510886,-12.443825016704583,310.8898944107415,6.880242592625698,2.0,0.9987612962722778,-46.88462619848526,-12.569951878523197,311.0561088326586,9.374281761714162,2.0,0.9919314384460449,-46.581711449686644,-15.324349709701528,312.40025034726983,13.601703082418293,2.0,0.9786854982376099,,,,,,,,,,,,,,,,,,,1.0,0.0,0.0,0.0,1.0,0.0,0.0,0.0,1.0,0.0,0.0,0.0,107
-42.51274603587476,-12.301477771323396,310.946772962711,2.90723342087911,2.0,0.9995547533035278,-46.825229964850315,-12.22488390794486,311.44638409379445,5.430072027014663,2.0,0.994591236114502,-46.44725059933989,-14.920360827145483,312.77915501559545,8.223292246035161,2.0,0.9941917061805725,,,,,,,,,,,,,,,,,,,1.0,0.0,0.0,0.0,1.0,0.0,0.0,0.0,1.0,0.0,0.0,0.0,108
-42.132625718638515,-12.439899699199424,310.39000864069754,1.3304419663969955,2.0,0.9995994567871094,-45.85497030219336,-11.718117018909426,308.22579172923486,6.457752530718549,2.0,0.9956597685813904,-46.0641924203741,-14.655842860680803,309.83831387970594,9.7249649231566,2.0,0.9974335432052612,,,,,,,,,,,,,,,,,,,1.0,0.0,0.0,0.0,1.0,0.0,0.0,0.0,1.0,0.0,0.0,0.0,109
-42.28853001485094,-12.980245554311123,310.1697063230272,3.7942826351870895,2.0,0.9990280866622925,-45.62306292356412,-11.659699742089094,308.3492869767819,4.352232259430524,2.0,0.9980494976043701,-46.20776881087895,-14.801517551455731,309.43705456249705,8.749053495860277,2.0,0.9975190758705139,,,,,,,,,,,,,,,,,,,1.0,0.0,0.0,0.0,1.0,0.0,0.0,0.0,1.0,0.0,0.0,0.0,110
-42.25269898280282,-13.149594990740411,309.77513279199906,3.776063426461012,2.0,0.9978240728378296,-45.72377864697538,-11.748590760440132,308.1723590968097,5.576720933573431,2.0,0.9927283525466919,-46.31320912745347,-14.849514458884835,309.20629720570327,7.970368678335886,2.0,0.9989842176437378,,,,,,,,,,,,,,,,,,,1.0,0.0,0.0,0.0,1.0,0.0,0.0,0.0,1.0,0.0,0.0,0.0,111
-42.577774248732204,-12.898821318878971,310.14922305964967,0.04026991073400876,2.0,0.9986070394515991,-45.73684100010684,-11.895002529576884,308.71672313545474,4.722023430678728,2.0,0.9976015686988831,-46.57586065895105,-15.16745792028469,310.03548332673773,6.481122911421515,2.0,0.9989069700241089,,,,,,,,,,,,,,,,,,,1.0,0.0,0.0,0.0,1.0,0.0,0.0,0.0,1.0,0.0,0.0,0.0,112
-42.66006840820866,-12.954589652788748,308.7506698964885,2.660815028128672,2.0,0.999586820602417,-45.33122670012738,-11.528963010084182,309.25894004833293,0.18705651290973752,2.0,0.9993337392807007,-46.6027865592898,-15.085270553375551,310.26385687077067,3.559590055823148,2.0,0.9923926591873169,,,,,,,,,,,,,,,,,,,1.0,0.0,0.0,0.0,1.0,0.0,0.0,0.0,1.0,0.0,0.0,0.0,113
-42.205005510668975,-12.707678307778156,307.40903371326397,0.697406952740169,2.0,0.9877837300300598,-45.19803255467743,-11.338146855710617,307.47121826886087,0.7321215431871367,2.0,0.9306789636611938,,,,,,,,,,,,,,,,,,,,,,,,,1.0,0.0,0.0,0.0,1.0,0.0,0.0,0.0,1.0,0.0,0.0,0.0,114
-42.13138601498946,-12.864994826139684,306.47904119273863,3.694994116883815,2.0,0.98289954662323,-44.95791091897894,-11.413376102524088,306.67748859438825,0.7062418240225028,2.0,0.9945821762084961,-45.716796341487616,-14.887652518744817,309.8967898025122,2.5000535118084253,2.0,0.9695032238960266,,,,,,,,,,,,,,,,,,,1.0,0.0,0.0,0.0,1.0,0.0,0.0,0.0,1.0,0.0,0.0,0.0,115
-41.73495949708085,-12.337951684900984,305.6132267672791,1.3915259546206364,2.0,0.973376452922821,-44.81441027314579,-11.37852877825157,305.78284815002394,1.3813659177350388,2.0,0.9948889017105103,-45.541434596082055,-14.680074908191212,309.65277743085096,1.0148703013502387,2.0,0.9288356304168701,,,,,,,,,,,,,,,,,,,1.0,0.0,0.0,0.0,1.0,0.0,0.0,0.0,1.0,0.0,0.0,0.0,116
-40.99516807419808,-12.150634411410316,304.4859430557534,2.759005405106606,2.0,0.9942209720611572,-44.607245445511104,-11.351097860704533,306.1870059873362,0.7318957859908213,2.0,0.997174859046936,-45.00673215676407,-14.416583440055938,308.79343117089377,0.18364478996444764,2.0,0.8138350248336792,,,,,,,,,,,,,,,,,,,1.0,0.0,0.0,0.0,1.0,0.0,0.0,0.0,1.0,0.0,0.0,0.0,117
-40.82429142724931,-12.053081290350985,304.1552917879107,3.436576158651339,2.0,0.9937834739685059,-44.477573710898,-11.162363311338245,305.7405575490572,0.9454374251772948,2.0,0.9946998357772827,-44.47565640356928,-13.404736074976576,308.9603237937513,8.829047164064036,2.0,0.5888384580612183,,,,,,,,,,,,,,,,,,,1.0,0.0,0.0,0.0,1.0,0.0,0.0,0.0,1.0,0.0,0.0,0.0,118
-40.71713265131832,-11.957039015648641,304.3137254150463,1.8456668976716262,2.0,0.9704499244689941,-44.36278152494044,-11.022267404424738,305.7919087582791,0.7074824237140664,2.0,0.9640631675720215,-44.395573609440866,-13.15515186207147,309.01873917372035,8.78510683524366,2.0,0.5191900730133057,,,,,,,,,,,,,,,,,,,1.0,0.0,0.0,0.0,1.0,0.0,0.0,0.0,1.0,0.0,0.0,0.0,119
-40.68667664457951,-11.97922901152097,305.15208567176677,4.001491138886596,2.0,0.9490113258361816,-44.27331287671979,-11.034932725688835,306.3527136593654,1.4911372412754822,2.0,0.9463687539100647,,,,,,,,,,,,,,,,,,,,,,,,,1.0,0.0,0.0,0.0,1.0,0.0,0.0,0.0,1.0,0.0,0.0,0.0,120
-40.46531696735347,-11.824918752698343,305.48150158048185,4.119501194920431,2.0,0.9544907808303833,-44.13867950859324,-11.040485549322417,306.55857499272804,0.44316043526632887,2.0,0.8987589478492737,,,,,,,,,,,,,,,,,,,,,,,,,1.0,0.0,0.0,0.0,1.0,0.0,0.0,0.0,1.0,0.0,0.0,0.0,121
-40.58623759697563,-11.484801616932641,305.31165523989137,2.527713275031179,2.0,0.9844579696655273,-44.13510075654176,-10.878565581048832,305.7869625444215,1.6712837001825933,2.0,0.7181180119514465,,,,,,,,,,,,,,,,,,,,,,,,,1.0,0.0,0.0,0.0,1.0,0.0,0.0,0.0,1.0,0.0,0.0,0.0,122
-40.72309274361845,-11.507046475888549,305.50651124064314,0.4680650630067631,2.0,0.963874340057373,-44.16509196891616,-11.039424802394855,306.3077179021498,0.14532763323386344,2.0,0.5047094821929932,-43.88457590144144,-13.255013395846326,309.1272013546702,1.4030654668220548,2.0,0.4142839014530182,,,,,,,,,,,,,,,,,,,1.0,0.0,0.0,0.0,1.0,0.0,0.0,0.0,1.0,0.0,0.0,0.0,123
-40.403971910590165,-11.661777779482824,306.6306959551732,1.7747827073597988,2.0,0.8426111936569214,-43.91631501080485,-10.95478597176821,306.7337683549514,0.7164078874446533,2.0,0.7406917810440063,-43.70114498952499,-13.153041546713958,309.48905380838687,1.6819195417074055,2.0,0.461591511964798,,,,,,,,,,,,,,,,,,,1.0,0.0,0.0,0.0,1.0,0.0,0.0,0.0,1.0,0.0,0.0,0.0,124
-40.16731609080168,-11.514313545019862,306.68760657909155,1.2846391591635857,2.0,0.8652362823486328,-43.77110627183081,-10.836726885506327,307.19497781746975,0.02447154422330073,2.0,0.8599082827568054,-43.499939259979804,-12.986257605876075,309.34825556144057,0.6612023952054835,2.0,0.5363705158233643,,,,,,,,,,,,,,,,,,,1.0,0.0,0.0,0.0,1.0,0.0,0.0,0.0,1.0,0.0,0.0,0.0,125
-39.87948488202669,-11.577107703380795,306.8457083473216,0.7675527998465883,2.0,0.41960209608078003,-43.4184140424905,-10.964827360187709,306.8770207774765,2.3844950799405966,2.0,0.76153165102005,-43.470989836090055,-13.05846833756471,309.31058834150343,0.37581139188659207,2.0,0.8146567344665527,,,,,,,,,,,,,,,,,,,1.0,0.0,0.0,0.0,1.0,0.0,0.0,0.0,1.0,0.0,0.0,0.0,126
-39.762546545854725,-11.561776455520157,306.76855810667917,2.012488350045804,2.0,0.4586135149002075,-42.991496957359935,-10.731883752056147,306.74764242328223,0.9253873644904136,2.0,0.4401811361312866,,,,,,,,,,,,,,,,,,,,,,,,,1.0,0.0,0.0,0.0,1.0,0.0,0.0,0.0,1.0,0.0,0.0,0.0,127
,,,,,,,,,,,,,,,,,,,,,,,,,,,,,,,,,,,,1.0,0.0,0.0,0.0,1.0,0.0,0.0,0.0,1.0,0.0,0.0,0.0,128
-38.790495742341,-11.138455514757831,308.1827254121218,1.6347322746056454,2.0,0.36634138226509094,-42.64657087317379,-10.571570285614591,309.010522679778,0.2227659190574573,2.0,0.4085790812969208,-41.98609747733671,-12.613949593514926,311.6306409085014,1.9930035291259136,2.0,0.9250792264938354,,,,,,,,,,,,,,,,,,,1.0,0.0,0.0,0.0,1.0,0.0,0.0,0.0,1.0,0.0,0.0,0.0,129
-38.75617076477282,-11.008875938930094,308.8842777928394,1.3047724994521537,2.0,0.477244108915329,,,,,,,-41.698076505004074,-12.786551671093928,311.84230162501655,1.0767890640068385,2.0,0.7751349210739136,,,,,,,,,,,,,,,,,,,1.0,0.0,0.0,0.0,1.0,0.0,0.0,0.0,1.0,0.0,0.0,0.0,130
,,,,,,,,,,,,,,,,,,,,,,,,,,,,,,,,,,,,1.0,0.0,0.0,0.0,1.0,0.0,0.0,0.0,1.0,0.0,0.0,0.0,131
-38.21918296991484,-10.591524267646463,308.6352864271246,4.299189186933314,2.0,0.31911611557006836,-42.32021549818078,-10.707535487148533,310.92537442224346,2.2281303951491562,2.0,0.574345052242279,-40.837565455955314,-12.622768389966666,313.06796227935297,3.0138522856463212,2.0,0.9263291358947754,,,,,,,,,,,,,,,,,,,1.0,0.0,0.0,0.0,1.0,0.0,0.0,0.0,1.0,0.0,0.0,0.0,132
-37.58530853436747,-10.650659320941342,308.16786172136295,4.0337802084775145,2.0,0.7305371761322021,-41.093899751000045,-10.2570967906176,309.84681650244255,2.2776014575909613,2.0,0.8021677732467651,-40.25214040808101,-12.343912308433898,312.59288018613967,1.3345861201450218,2.0,0.9303112030029297,,,,,,,,,,,,,,,,,,,1.0,0.0,0.0,0.0,1.0,0.0,0.0,0.0,1.0,0.0,0.0,0.0,133
,,,,,,,,,,,,,,,,,,,,,,,,,,,,,,,,,,,,1.0,0.0,0.0,0.0,1.0,0.0,0.0,0.0,1.0,0.0,0.0,0.0,134
,,,,,,-40.48740351764709,-10.167936025215873,311.6160164151787,3.3636329349257257,2.0,0.4073311388492584,,,,,,,,,,,,,,,,,,,,,,,,,1.0,0.0,0.0,0.0,1.0,0.0,0.0,0.0,1.0,0.0,0.0,0.0,135
,,,,,,,,,,,,-38.9385019104479,-12.091879705798734,314.01980209792544,0.38331873738410593,2.0,0.9355660676956177,,,,,,,,,,,,,,,,,,,1.0,0.0,0.0,0.0,1.0,0.0,0.0,0.0,1.0,0.0,0.0,0.0,136
,,,,,,,,,,,,,,,,,,,,,,,,,,,,,,,,,,,,1.0,0.0,0.0,0.0,1.0,0.0,0.0,0.0,1.0,0.0,0.0,0.0,137
,,,,,,,,,,,,-38.1701086284609,-11.614447428642405,315.35951875256075,6.78675211224235,2.0,0.7362140417098999,,,,,,,,,,,,,,,,,,,1.0,0.0,0.0,0.0,1.0,0.0,0.0,0.0,1.0,0.0,0.0,0.0,138
,,,,,,,,,,,,-37.64691766021777,-12.150150645400489,316.5494027489488,2.7727185376539185,2.0,0.9853861331939697,,,,,,,,,,,,,,,,,,,1.0,0.0,0.0,0.0,1.0,0.0,0.0,0.0,1.0,0.0,0.0,0.0,139
,,,,,,,,,,,,-37.41822602806348,-11.782680133754084,316.35917923334495,5.146797164921608,2.0,0.8282560110092163,,,,,,,,,,,,,,,,,,,1.0,0.0,0.0,0.0,1.0,0.0,0.0,0.0,1.0,0.0,0.0,0.0,140
,,,,,,,,,,,,-37.15585261410304,-11.765861157669635,316.8520521581043,8.092766218586377,2.0,0.8803075551986694,,,,,,,,,,,,,,,,,,,1.0,0.0,0.0,0.0,1.0,0.0,0.0,0.0,1.0,0.0,0.0,0.0,141
,,,,,,,,,,,,-36.73816607509912,-12.349417481620222,317.27411835396344,6.113583939253109,2.0,0.6495014429092407,,,,,,,,,,,,,,,,,,,1.0,0.0,0.0,0.0,1.0,0.0,0.0,0.0,1.0,0.0,0.0,0.0,142
,,,,,,,,,,,,-36.45636168838883,-12.476868783677542,318.09623328763394,6.377283718166751,2.0,0.306348592042923,,,,,,,,,,,,,,,,,,,1.0,0.0,0.0,0.0,1.0,0.0,0.0,0.0,1.0,0.0,0.0,0.0,143
,,,,,,,,,,,,,,,,,,,,,,,,,,,,,,,,,,,,1.0,0.0,0.0,0.0,1.0,0.0,0.0,0.0,1.0,0.0,0.0,0.0,144
,,,,,,,,,,,,,,,,,,,,,,,,,,,,,,,,,,,,1.0,0.0,0.0,0.0,1.0,0.0,0.0,0.0,1.0,0.0,0.0,0.0,145
,,,,,,,,,,,,,,,,,,,,,,,,,,,,,,,,,,,,1.0,0.0,0.0,0.0,1.0,0.0,0.0,0.0,1.0,0.0,0.0,0.0,146
,,,,,,,,,,,,,,,,,,,,,,,,,,,,,,,,,,,,1.0,0.0,0.0,0.0,1.0,0.0,0.0,0.0,1.0,0.0,0.0,0.0,147
,,,,,,,,,,,,,,,,,,,,,,,,,,,,,,,,,,,,1.0,0.0,0.0,0.0,1.0,0.0,0.0,0.0,1.0,0.0,0.0,0.0,148
,,,,,,,,,,,,,,,,,,,,,,,,,,,,,,,,,,,,1.0,0.0,0.0,0.0,1.0,0.0,0.0,0.0,1.0,0.0,0.0,0.0,149
,,,,,,,,,,,,,,,,,,,,,,,,,,,,,,,,,,,,1.0,0.0,0.0,0.0,1.0,0.0,0.0,0.0,1.0,0.0,0.0,0.0,150
-26.822579913036755,-8.044860192508812,310.91498628385386,16.02460335850359,2.0,0.33524948358535767,-29.346315351198374,-7.543467710637034,307.8846637543558,18.964869872488368,2.0,0.5898883938789368,-29.12287990964266,-9.361929068373714,313.33970622569564,22.86521205352218,2.0,0.6758484840393066,,,,,,,,,,,,,,,,,,,1.0,0.0,0.0,0.0,1.0,0.0,0.0,0.0,1.0,0.0,0.0,0.0,151
-27.47016689170287,-8.478045698515087,311.82689531692796,14.649259702859588,2.0,0.8046399354934692,-29.8630205969501,-7.797099143092966,309.6857594887532,18.62371392829695,2.0,0.8679602146148682,-29.365868051424076,-9.717545543629205,314.81835324447746,18.79778876380798,2.0,0.4807995557785034,,,,,,,,,,,,,,,,,,,1.0,0.0,0.0,0.0,1.0,0.0,0.0,0.0,1.0,0.0,0.0,0.0,152
-27.6163063404406,-8.708373043322775,311.4409979809612,10.493397614260886,2.0,0.8615923523902893,-29.302342799133196,-8.422504812729876,309.3480403456969,14.915509999322285,2.0,0.7157227993011475,-30.88611025351448,-12.558428432730432,316.40873982306016,2.5736692147844997,2.0,0.3902663588523865,,,,,,,,,,,,,,,,,,,1.0,0.0,0.0,0.0,1.0,0.0,0.0,0.0,1.0,0.0,0.0,0.0,153
,,,,,,-31.34820546809652,-10.128206278277732,313.6910609689628,0.9413749353606948,2.0,0.4652227461338043,,,,,,,,,,,,,,,,,,,,,,,,,1.0,0.0,0.0,0.0,1.0,0.0,0.0,0.0,1.0,0.0,0.0,0.0,154
-28.078111447409743,-10.309315067015628,311.36293027328173,8.761549479719392,2.0,0.8034365773200989,-31.525017901392,-10.267384352030206,313.77411461901914,0.12918970699683074,2.0,0.8037109971046448,-30.97240575948381,-12.88243119175952,316.6973309515168,3.9537161596808676,2.0,0.9166790246963501,,,,,,,,,,,,,,,,,,,1.0,0.0,0.0,0.0,1.0,0.0,0.0,0.0,1.0,0.0,0.0,0.0,155
-27.95909768005488,-10.814663535141568,312.07797381799503,9.231780769245756,2.0,0.777044415473938,-31.574344971481256,-10.654691648579938,314.69791707465515,2.9743312935868795,2.0,0.9127168655395508,-31.336204906106307,-13.318842487726554,318.1136500962845,5.578190440302411,2.0,0.9721346497535706,,,,,,,,,,,,,,,,,,,1.0,0.0,0.0,0.0,1.0,0.0,0.0,0.0,1.0,0.0,0.0,0.0,156
-27.508708514918244,-11.361644974916556,312.9862646370424,6.706145527001883,2.0,0.9333154559135437,-31.387998712530813,-10.782052952882584,314.50795214268584,3.4379263990020377,2.0,0.8286924362182617,-31.380655164964466,-13.658625018027841,318.7523185178647,4.008523224781507,2.0,0.9301109313964844,,,,,,,,,,,,,,,,,,,1.0,0.0,0.0,0.0,1.0,0.0,0.0,0.0,1.0,0.0,0.0,0.0,157
-27.01759084987987,-11.594426005525996,312.48162252438493,5.023229213819626,2.0,0.7346023917198181,-30.631036010459237,-11.074334568574962,313.0394466919629,1.4112741656242465,2.0,0.947783350944519,-30.817698526871673,-13.625350056766933,317.80794704040255,4.305000469921368,2.0,0.9851799607276917,,,,,,,,,,,,,-34.22905296361197,-11.565747048361198,301.33222807787905,5.632855759159632,2.0,0.5266312956809998,1.0,0.0,0.0,0.0,1.0,0.0,0.0,0.0,1.0,0.0,0.0,0.0,158
-26.588092138195293,-11.934012254191332,312.28373239905284,2.5436669399415064,2.0,0.8705377578735352,-30.457483886819915,-11.400761392067086,312.9997298063399,0.8420206659625435,2.0,0.9915598630905151,-30.73973968291187,-13.850561830335122,317.6811477604266,1.722600537606659,2.0,0.9966533184051514,,,,,,,,,,,,,,,,,,,1.0,0.0,0.0,0.0,1.0,0.0,0.0,0.0,1.0,0.0,0.0,0.0,159
-26.22128995195106,-11.87695103285245,311.51744898850944,0.5787528196332834,2.0,0.9712282419204712,-30.469809342391063,-11.424030135633046,312.7999383081648,1.4908739547760361,2.0,0.9871970415115356,-30.577069541220364,-13.93263102728577,317.5435074457874,1.9370978881033656,2.0,0.9984830021858215,,,,,,,,,,,,,,,,,,,1.0,0.0,0.0,0.0,1.0,0.0,0.0,0.0,1.0,0.0,0.0,0.0,160
-25.99119303948557,-11.89073170546848,310.9251628204053,0.7310628157005798,2.0,0.9761561751365662,-30.43400861354303,-11.532063611257193,312.8866593046833,0.4627389250661871,2.0,0.9703590869903564,-30.353785518954783,-13.85234465134909,317.0086752162348,3.250304844729391,2.0,0.9963070750236511,,,,,,,,,,,,,,,,,,,1.0,0.0,0.0,0.0,1.0,0.0,0.0,0.0,1.0,0.0,0.0,0.0,161
-26.039738079516713,-11.941695255416725,311.49901387969203,0.6666280104781623,2.0,0.9903042316436768,-30.62965641970217,-11.416425835682405,313.01050695106875,0.8890442355473918,2.0,0.9899760484695435,-30.320343925001318,-13.823027744200997,317.24489392949454,3.363718976633744,2.0,0.9950578212738037,,,,,,,,,,,,,,,,,,,1.0,0.0,0.0,0.0,1.0,0.0,0.0,0.0,1.0,0.0,0.0,0.0,162
-25.925102629880566,-12.081760943245454,311.71589996108275,0.17687844337945316,2.0,0.9871864318847656,-30.196100782255165,-11.29796951402208,313.1554375025812,1.8034612853504015,2.0,0.9528883099555969,-30.239975206234387,-13.701038511930188,317.2588613437873,1.6326736510805535,2.0,0.9979950189590454,,,,,,,,,,,,,,,,,,,1.0,0.0,0.0,0.0,1.0,0.0,0.0,0.0,1.0,0.0,0.0,0.0,163
-26.075247711883947,-11.983215323094784,313.1343936039396,2.633638851790801,2.0,0.7586066722869873,-29.807824034898623,-10.99963238168568,313.1658977543614,3.8151068441535645,2.0,0.43721017241477966,-29.704934292466163,-13.2862057057495,317.76585425857365,0.7140411019186594,2.0,0.9422805905342102,,,,,,,,,,,,,,,,,,,1.0,0.0,0.0,0.0,1.0,0.0,0.0,0.0,1.0,0.0,0.0,0.0,164
-25.515009769215233,-12.207291066173331,313.7818757203886,4.1096060055699875,2.0,0.9566437005996704,-29.358407090776016,-10.648830282117231,313.8600505232681,2.7544487206491457,2.0,0.8981876969337463,-29.76834600907232,-13.364353976037565,317.92298099254333,1.300691502361739,2.0,0.967391848564148,,,,,,,,,,,,,,,,,,,1.0,0.0,0.0,0.0,1.0,0.0,0.0,0.0,1.0,0.0,0.0,0.0,165
-23.561401194192776,-11.193235026227853,313.359246706146,1.487029998718839,2.0,0.8966149091720581,-29.04695804277662,-10.22042861770488,316.0956130840688,1.030404192822779,2.0,0.9775389432907104,-28.540614824111568,-12.713793128701756,317.4439945691836,3.064108103834066,2.0,0.9933236837387085,,,,,,,,,,,,,,,,,,,1.0,0.0,0.0,0.0,1.0,0.0,0.0,0.0,1.0,0.0,0.0,0.0,166
-23.44542731471721,-11.037530804284025,311.82552124592877,4.409210283610477,2.0,0.9983932375907898,-28.488555766078964,-9.907755892585195,314.6321314790861,3.6636751028490977,2.0,0.9852241277694702,-28.11313822193333,-12.363366006424679,314.9724648459156,1.8842516738634023,2.0,0.9975430965423584,,,,,,,,,,,,,,,,,,,1.0,0.0,0.0,0.0,1.0,0.0,0.0,0.0,1.0,0.0,0.0,0.0,167
-23.639966544658286,-10.54898200386342,309.7297983942562,2.7742853783963737,2.0,0.9936777949333191,-28.82912723485702,-9.585514415866907,312.5466547600365,5.555390351911618,2.0,0.9980369806289673,-28.1628318495076,-12.472352723242725,313.14038253587626,0.37862587658045044,2.0,0.9995408058166504,,,,,,,,,,,,,,,,,,,1.0,0.0,0.0,0.0,1.0,0.0,0.0,0.0,1.0,0.0,0.0,0.0,168
-24.013896607412253,-10.63496303347295,309.17268527262644,1.765582009300655,2.0,0.9966766834259033,-28.797168508480308,-9.761340580676274,310.99929076564024,6.496305434885096,2.0,0.9981930255889893,-28.237768777488053,-12.568611694740456,311.85189664093787,2.8897938769199807,2.0,0.9998055696487427,,,,,,,,,,,,,,,,,,,1.0,0.0,0.0,0.0,1.0,0.0,0.0,0.0,1.0,0.0,0.0,0.0,169
-24.105413241851554,-10.840065481855826,308.49977417469125,3.8382201445750654,2.0,0.9941628575325012,-28.816412060474875,-9.994222674183389,310.28842035685375,5.619728893276861,2.0,0.9984412789344788,-28.153441169922186,-12.773909889372806,311.1076915819925,3.503900394797652,2.0,0.9998143315315247,,,,,,,,,,,,,,,,,,,1.0,0.0,0.0,0.0,1.0,0.0,0.0,0.0,1.0,0.0,0.0,0.0,170
-23.79970713333453,-10.89669223835208,308.9270355014109,3.2627319389354703,2.0,0.9782265424728394,-28.801771144529354,-10.102984419515705,310.4720227362416,3.938008128904999,2.0,0.9984119534492493,-28.055202966471093,-12.784051786248565,311.04783583819125,2.001847728294825,2.0,0.9999157190322876,,,,,,,,,,,,,,,,,,,1.0,0.0,0.0,0.0,1.0,0.0,0.0,0.0,1.0,0.0,0.0,0.0,171
-23.815309385677413,-10.980961488426969,308.84271422722486,2.373232428415017,2.0,0.9673286080360413,-28.744193415793553,-10.040790737594286,310.0995249978896,3.788899683677352,2.0,0.9977755546569824,-27.923712618118635,-12.738390717831967,310.8043178544227,3.324362883401437,2.0,0.9999417066574097,,,,,,,,,,,,,,,,,,,1.0,0.0,0.0,0.0,1.0,0.0,0.0,0.0,1.0,0.0,0.0,0.0,172
-23.79975128396771,-11.178819811722457,308.68949198888595,3.0939552870019034,2.0,0.9489730596542358,-28.579119500410176,-10.265262606406631,310.0792518207568,5.656917305858608,2.0,0.9983057975769043,-27.736244902970565,-13.060821123412763,310.3219184020474,2.821575170153194,2.0,0.9999368190765381,,,,,,,,,,,,,,,,,,,1.0,0.0,0.0,0.0,1.0,0.0,0.0,0.0,1.0,0.0,0.0,0.0,173
-23.75774423970839,-11.631871626407168,308.9871539087824,0.7832900651142054,2.0,0.9688760042190552,-28.53917490466226,-10.681178195818438,310.69751478757814,6.317360816539537,2.0,0.9950898885726929,-27.732183493107883,-13.190190943873477,310.29137636840824,3.592964151329853,2.0,0.9999130964279175,,,,,,,,,,,,,,,,,,,1.0,0.0,0.0,0.0,1.0,0.0,0.0,0.0,1.0,0.0,0.0,0.0,174
-23.616505560077286,-11.834935739737325,308.4896933070287,1.3851241910310912,2.0,0.9831207990646362,-28.41943367770297,-10.844970634306119,310.5962830213631,4.928477195345712,2.0,0.9973016977310181,-27.527033067851825,-13.433315878659515,311.0625145502558,2.236567189386622,2.0,0.9998116493225098,,,,,,,,,,,,,,,,,,,1.0,0.0,0.0,0.0,1.0,0.0,0.0,0.0,1.0,0.0,0.0,0.0,175
-23.446197737523153,-11.900650101170974,308.44757142331054,1.8443339829946115,2.0,0.9703063368797302,-28.275882036474517,-11.17482034521865,310.7511621398374,2.1709373117352317,2.0,0.9945430755615234,-27.339510490031497,-13.667130832919462,311.0176459567835,1.3565465837094455,2.0,0.9998836517333984,,,,,,,,,,,,,,,,,,,1.0,0.0,0.0,0.0,1.0,0.0,0.0,0.0,1.0,0.0,0.0,0.0,176
-23.15935821592834,-11.719650625565405,308.4318868209252,3.167220451670888,2.0,0.9770896434783936,-28.109288375576416,-11.126086967757233,311.1338623692088,1.941414109830888,2.0,0.9970090389251709,-27.219230570484424,-13.57780043519668,311.0035567959199,1.018359200604893,2.0,0.9999085664749146,,,,,,,,,,,,,,,,,,,1.0,0.0,0.0,0.0,1.0,0.0,0.0,0.0,1.0,0.0,0.0,0.0,177
-22.928001176695478,-11.932098411345839,309.16782708314605,2.359283190522972,2.0,0.9944410920143127,-27.698098415269776,-11.216449212069456,311.00124239537075,2.119758664485815,2.0,0.9978845119476318,-27.112542701787547,-13.687801004215247,311.13627485863896,0.3341983439152081,2.0,0.9998561143875122,,,,,,,,,,,,,,,,,,,1.0,0.0,0.0,0.0,1.0,0.0,0.0,0.0,1.0,0.0,0.0,0.0,178
-22.310409712089683,-12.10429127329947,308.80797829914104,1.9237695939993635,2.0,0.9986290335655212,-27.155823767348497,-11.051454203913837,309.7909973322753,0.9053961849603236,2.0,0.9977042078971863,-26.809095704750735,-13.581671524482367,310.5201998523094,0.7011865326081875,2.0,0.9997259974479675,,,,,,,,,,,,,,,,,,,1.0,0.0,0.0,0.0,1.0,0.0,0.0,0.0,1.0,0.0,0.0,0.0,179
-21.44524033219382,-12.333512335929521,308.4496879307026,1.3333979171458612,2.0,0.9995582699775696,-26.198944689640086,-11.096375791063373,309.9588817261307,0.826307472757132,2.0,0.9986367225646973,-26.268236848284268,-13.792514047443436,310.1187394122049,0.8574610252774375,2.0,0.9998061656951904,,,,,,,,,,,,,,,,,,,1.0,0.0,0.0,0.0,1.0,0.0,0.0,0.0,1.0,0.0,0.0,0.0,180
-20.961545359200763,-12.76016046976997,308.8984684678005,2.3748837278657255,2.0,0.9987748861312866,-25.71277733561515,-11.432547353704354,310.5868152548066,0.015977934575686404,2.0,0.998889684677124,-26.007128073946433,-13.966425315765994,309.64251946457654,1.4115649876578358,2.0,0.9994279146194458,,,,,,,,,,,,,,,,,,,1.0,0.0,0.0,0.0,1.0,0.0,0.0,0.0,1.0,0.0,0.0,0.0,181
-20.823928071687913,-12.716508694966294,309.42139308913596,1.8954662399548043,2.0,0.9985100030899048,-25.6501804428173,-11.400522892522678,311.0845863229023,0.987046819060128,2.0,0.9979276657104492,-25.910804897962667,-13.873702749569869,310.0589313994475,1.8148715232254615,2.0,0.9994829893112183,,,,,,,,,,,,,,,,,,,1.0,0.0,0.0,0.0,1.0,0.0,0.0,0.0,1.0,0.0,0.0,0.0,182
-20.96302395228366,-12.57348428510155,309.0958937146072,2.207638301843107,2.0,0.9971266388893127,-25.50029414847496,-11.385476147016119,310.9418164871856,0.1944479136816023,2.0,0.9984629154205322,-25.81810965853765,-13.827529764033923,309.8477578075084,1.0343720956007325,2.0,0.9994228482246399,,,,,,,,,,,,,,,,,,,1.0,0.0,0.0,0.0,1.0,0.0,0.0,0.0,1.0,0.0,0.0,0.0,183
-20.997995105502508,-12.65135846383659,308.86775636065727,2.53637160004922,2.0,0.9979387521743774,-25.555748431208098,-11.386352147589399,310.26456772356187,1.1403260427830126,2.0,0.9974492192268372,-25.810807367359175,-13.78095843772304,309.6737451456283,0.8163796042277836,2.0,0.9989409446716309,,,,,,,,,,,,,,,,,,,1.0,0.0,0.0,0.0,1.0,0.0,0.0,0.0,1.0,0.0,0.0,0.0,184
-21.061260404469284,-12.709821940868574,309.1117329060283,3.636339026362733,2.0,0.9971972703933716,-25.539079482883142,-11.344812159743798,310.4115152311296,0.43667761797315163,2.0,0.9973626136779785,-25.717805558627674,-13.798891128046044,309.88966179873404,0.4919425985024346,2.0,0.9992197155952454,,,,,,,,,,,,,,,,,,,1.0,0.0,0.0,0.0,1.0,0.0,0.0,0.0,1.0,0.0,0.0,0.0,185
-21.06995249353405,-12.737476765395114,309.00967782094585,1.5503465073726743,2.0,0.996483325958252,-25.436477076418782,-11.400970978117003,310.36476526368074,0.47849396349956075,2.0,0.9970539808273315,-25.729036746066104,-13.871549070589351,310.05252898972395,0.2371342957379855,2.0,0.9994678497314453,,,,,,,,,,,,,,,,,,,1.0,0.0,0.0,0.0,1.0,0.0,0.0,0.0,1.0,0.0,0.0,0.0,186
-20.958572133303274,-13.064970063595231,309.81137631997586,0.11177603118042254,2.0,0.997255802154541,-25.591950476155066,-11.644459269326195,310.81829571221084,0.8051459947743341,2.0,0.9942137002944946,-25.783104438102676,-14.070275235306092,310.32582633948465,0.3428248913506253,2.0,0.9994456768035889,,,,,,,,,,,,,,,,,,,1.0,0.0,0.0,0.0,1.0,0.0,0.0,0.0,1.0,0.0,0.0,0.0,187
-20.690424383863824,-13.49526101025672,310.6937335408929,0.8570815281248971,2.0,0.9996836185455322,-25.417382968793575,-11.781307991728243,311.0334291409368,0.7800078178631451,2.0,0.9912075400352478,-25.88099187951374,-14.26850744863174,310.59293626981764,0.20614109377133577,2.0,0.9981268644332886,,,,,,,,,,,,,,,,,,,1.0,0.0,0.0,0.0,1.0,0.0,0.0,0.0,1.0,0.0,0.0,0.0,188
-20.786671390698285,-13.839595615275874,311.1122716953221,0.5739243365360598,2.0,0.9992259740829468,-25.487990016752168,-12.045482104866,311.0698015546286,0.8147980636073171,2.0,0.9882344007492065,-25.955116806175884,-14.467497319383181,310.8081903706935,1.1550580241531323,2.0,0.9988232851028442,,,,,,,,,,,,,,,,,,,1.0,0.0,0.0,0.0,1.0,0.0,0.0,0.0,1.0,0.0,0.0,0.0,189
-20.76522988337241,-13.832983265686703,310.5485904848265,1.134489852792536,2.0,0.9984613060951233,-25.426978238088687,-11.980755102154662,310.9297298318764,0.17956076528673998,2.0,0.9941251873970032,-25.884641822333247,-14.529320104122995,310.5071788807655,0.8075625987429628,2.0,0.998824954032898,,,,,,,,,,,,,,,,,,,1.0,0.0,0.0,0.0,1.0,0.0,0.0,0.0,1.0,0.0,0.0,0.0,190
-20.579143296105123,-13.9330478289948,309.8074329731027,1.020584916843903,2.0,0.9966858625411987,-25.289804090795535,-12.068249464470817,310.4651872975571,0.7445020384670784,2.0,0.9970939755439758,-25.71764774596956,-14.597681765989407,309.8591894924247,1.641041748237234,2.0,0.9993057250976562,,,,,,,,,,,,,,,,,,,1.0,0.0,0.0,0.0,1.0,0.0,0.0,0.0,1.0,0.0,0.0,0.0,191
-20.07601856369875,-13.993556486638864,309.5176756806052,0.07517823468030627,2.0,0.9996755719184875,-24.714043161758926,-12.290674201240458,309.4916840326664,0.8142522295346863,2.0,0.9976357221603394,-25.570099510166,-14.7362627961679,309.3812827985668,0.8282864425792346,2.0,0.9992510080337524,,,,,,,,,,,,,,,,,,,1.0,0.0,0.0,0.0,1.0,0.0,0.0,0.0,1.0,0.0,0.0,0.0,192
-20.344994283684393,-14.398808282317463,310.4200306783018,3.1535526322510563,2.0,0.9992318153381348,-24.120803604576306,-12.396265916849249,308.4438905794141,3.450986211082748,2.0,0.992563009262085,-25.4240075040918,-14.738039959074271,308.9856516906221,0.7522497445933314,2.0,0.9912557601928711,,,,,,,,,,,,,,,,,,,1.0,0.0,0.0,0.0,1.0,0.0,0.0,0.0,1.0,0.0,0.0,0.0,193
-20.42092926755089,-14.588869856506133,310.6037159701353,0.08110660021247332,2.0,0.9989094138145447,-24.11120428000982,-12.700518121406636,309.42471403998337,1.75622506823374,2.0,0.994884729385376,-25.41776053319368,-14.953170596754013,309.6942896526244,1.9459349620066018,2.0,0.9875301122665405,,,,,,,,,,,,,,,,,,,1.0,0.0,0.0,0.0,1.0,0.0,0.0,0.0,1.0,0.0,0.0,0.0,194
-20.48986498792352,-14.458733372539934,310.3488357868458,0.22306180848291296,2.0,0.9991507530212402,-24.42546450116648,-12.736611860163748,309.5553086003311,0.27542928912309383,2.0,0.9954109787940979,-25.364942810198524,-14.911780919762592,309.7554969752365,2.237815898865498,2.0,0.9954189658164978,,,,,,,,,,,,,,,,,,,1.0,0.0,0.0,0.0,1.0,0.0,0.0,0.0,1.0,0.0,0.0,0.0,195
-20.59059690252833,-14.49606403499907,310.1392201883494,1.0701190885410323,2.0,0.9982624053955078,-24.38970786636184,-12.802443001245486,309.2842576200756,1.5641120690135586,2.0,0.9204729199409485,-25.199391676276253,-14.859871163603964,310.09251258191796,0.7616936298836277,2.0,0.995168924331665,,,,,,,,,,,,,,,,,,,1.0,0.0,0.0,0.0,1.0,0.0,0.0,0.0,1.0,0.0,0.0,0.0,196
-20.7229437965057,-14.387925672260673,310.11104277497316,0.5459301196242192,2.0,0.9966362714767456,-24.43052322691115,-12.679647306511342,308.78628055319433,1.8253220757948063,2.0,0.9098386764526367,-25.064284120533614,-14.848743237763662,309.84399232375506,1.027870008627529,2.0,0.9958206415176392,,,,,,,,,,,,,,,,,,,1.0,0.0,0.0,0.0,1.0,0.0,0.0,0.0,1.0,0.0,0.0,0.0,197
-20.80569799008779,-14.332595121973707,310.38509441124796,1.6827904350701361,2.0,0.9946754574775696,-24.169309729546733,-12.492918116696213,308.0894874196969,2.6698530828360045,2.0,0.8968379497528076,-24.93297395557131,-14.54341052279464,309.46083620559426,1.3972568943346941,2.0,0.9848271012306213,,,,,,,,,,,,,,,,,,,1.0,0.0,0.0,0.0,1.0,0.0,0.0,0.0,1.0,0.0,0.0,0.0,198
-20.54536769151615,-14.1735389830557,309.78087125667383,1.046736815840277,2.0,0.9891601800918579,-24.18436508847428,-12.549275963528396,308.1454884034625,2.8054780320812673,2.0,0.9410413503646851,-24.934855090183877,-14.56189685688972,309.40558961274274,1.4932246794520836,2.0,0.9897128343582153,,,,,,,,,,,,,,,,,,,1.0,0.0,0.0,0.0,1.0,0.0,0.0,0.0,1.0,0.0,0.0,0.0,199
-20.51613291847084,-14.199208780603879,309.96048006890203,0.06473147782292632,2.0,0.9953533411026001,-24.14888772531287,-12.419586139882085,308.0673890920818,1.029460607190725,2.0,0.9392099380493164,-24.902633521078098,-14.547690816778463,309.0470150755018,1.1271418592846234,2.0,0.9966157674789429,,,,,,,,,,,,,,,,,,,1.0,0.0,0.0,0.0,1.0,0.0,0.0,0.0,1.0,0.0,0.0,0.0,200
-20.696789513053925,-14.253910426255421,310.2005033184304,1.9022778033495389,2.0,0.9964706897735596,-24.37179708703058,-12.473111762910703,307.987228278805,2.8903182044766176,2.0,0.9796401262283325,-24.980979547292616,-14.654540824761515,309.0060874361032,0.17793889574913518,2.0,0.997713029384613,,,,,,,,,,,,,,,,,,,1.0,0.0,0.0,0.0,1.0,0.0,0.0,0.0,1.0,0.0,0.0,0.0,201
-21.008004992960284,-14.450973930720634,310.36810023201247,1.3811329252316433,2.0,0.9883242845535278,-24.532984317228223,-12.897049904993828,308.418842803051,1.1416643297317375,2.0,0.9647438526153564,-24.984781853457193,-14.94281849692629,309.28111641920697,0.302035506740664,2.0,0.9974815845489502,,,,,,,,,,,,,,,,,,,1.0,0.0,0.0,0.0,1.0,0.0,0.0,0.0,1.0,0.0,0.0,0.0,202
-20.520726581664498,-14.431837470937813,309.0207771246457,0.48344464216654304,2.0,0.9886208772659302,-24.402622783964485,-12.926701396369914,307.7011593547617,1.1442868161954114,2.0,0.9802597761154175,-24.927668981773035,-14.985719344876607,308.3094763268703,1.120605796025953,2.0,0.9986659288406372,,,,,,,,,,,,,,,,,,,1.0,0.0,0.0,0.0,1.0,0.0,0.0,0.0,1.0,0.0,0.0,0.0,203
-20.62626122051545,-14.446963916214738,308.54032918594197,1.5047448870585742,2.0,0.9874225854873657,-24.393312317596894,-12.966511725101654,307.5945674926963,0.6218342726227353,2.0,0.9824038743972778,-24.91863583078855,-15.106367655293758,308.2648525123962,2.1060095318875045,2.0,0.9987673759460449,,,,,,,,,,,,,,,,,,,1.0,0.0,0.0,0.0,1.0,0.0,0.0,0.0,1.0,0.0,0.0,0.0,204
-20.858822360792225,-14.697461251964482,310.264317388197,0.03361614841525694,2.0,0.9739899039268494,-24.37854506434642,-12.992768947474655,307.6836845658241,0.3197401149366127,2.0,0.9574845433235168,-24.88005658723408,-15.172194234716432,308.4740274587316,2.23519537232034,2.0,0.9967927932739258,,,,,,,,,,,,,,,,,,,1.0,0.0,0.0,0.0,1.0,0.0,0.0,0.0,1.0,0.0,0.0,0.0,205
-21.207875306476197,-14.834612919195061,310.6977403125515,1.3700327006475215,2.0,0.9381874799728394,-24.355704057096787,-13.035161277109784,307.368568016458,0.3134454169785944,2.0,0.9803194999694824,-24.80372422984176,-15.1841649206937,308.42117985943054,2.058321852779831,2.0,0.9963330030441284,,,,,,,,,,,,,,,,,,,1.0,0.0,0.0,0.0,1.0,0.0,0.0,0.0,1.0,0.0,0.0,0.0,206
-21.042371772707742,-14.706231247202139,310.43671997246054,2.192568828896852,2.0,0.9716371297836304,-24.285976830730895,-13.107294390291178,307.2343553772631,0.5891326713569895,2.0,0.9837745428085327,-24.689180203343536,-15.245977798414629,308.5390426684392,2.3212902367601327,2.0,0.9931861758232117,,,,,,,,,,,,,,,,,,,1.0,0.0,0.0,0.0,1.0,0.0,0.0,0.0,1.0,0.0,0.0,0.0,207
-21.225119022596836,-14.857775253310207,309.67327007011914,2.2700088430993954,2.0,0.9538906812667847,-24.25847399588383,-13.184460256461037,307.13658165048025,1.1574494781235944,2.0,0.9872171878814697,-24.65159748227066,-15.3293277749334,308.2963360286191,1.8226407934707374,2.0,0.9881460070610046,,,,,,,,,,,,,,,,,,,1.0,0.0,0.0,0.0,1.0,0.0,0.0,0.0,1.0,0.0,0.0,0.0,208
-20.751512227294892,-14.787613322200084,308.9962757106108,0.3706710285081975,2.0,0.9327994585037231,-24.07891114794939,-13.284833966363733,306.9329201273154,0.9800629247596819,2.0,0.9674853682518005,-24.432130269864764,-15.392068431858762,308.2631101930578,1.2621286962878049,2.0,0.9842963218688965,,,,,,,,,,,,,,,,,,,1.0,0.0,0.0,0.0,1.0,0.0,0.0,0.0,1.0,0.0,0.0,0.0,209
-20.919848244822585,-14.929815620574514,309.6456676431237,2.5568918334936743,2.0,0.8936389088630676,-23.88526644907528,-13.248175748346979,307.69245728937153,3.199909516354455,2.0,0.9817106127738953,-24.276701617125784,-15.5181647221754,308.44568798377,1.6378876883499855,2.0,0.9894245862960815,,,,,,,,,,,,,,,,,,,1.0,0.0,0.0,0.0,1.0,0.0,0.0,0.0,1.0,0.0,0.0,0.0,210
-20.576197211714028,-14.771199083194904,308.7070442111004,2.418622863461395,2.0,0.8396767377853394,-23.82592910418486,-13.27138785434565,307.7479476928273,2.24350978677355,2.0,0.9849152565002441,-24.245300983818478,-15.504414714053743,308.2975188246765,1.5300823652641102,2.0,0.9923020601272583,,,,,,,,,,,,,,,,,,,1.0,0.0,0.0,0.0,1.0,0.0,0.0,0.0,1.0,0.0,0.0,0.0,211
-20.35733508619532,-14.596913826527087,307.82441536906975,0.42987069666956607,2.0,0.8207554817199707,-23.797899722593865,-13.198237101186594,307.7672387654075,1.5000829661774886,2.0,0.9849576950073242,-24.18030614133674,-15.456920872151207,308.2165637852178,1.092223221832467,2.0,0.9932759404182434,,,,,,,,,,,,,,,,,,,1.0,0.0,0.0,0.0,1.0,0.0,0.0,0.0,1.0,0.0,0.0,0.0,212
-20.17586364896063,-14.57599444583275,307.41407347953447,0.21299825259765817,2.0,0.9814447164535522,-23.691836361171106,-13.232732253182073,307.46369037488586,1.92975374468706,2.0,0.994392991065979,-24.08011253815011,-15.406961641832728,307.98877516999073,1.226259690692562,2.0,0.9946829080581665,,,,,,,,,,,,,,,,,,,1.0,0.0,0.0,0.0,1.0,0.0,0.0,0.0,1.0,0.0,0.0,0.0,213
-20.205827840006627,-14.703862908547118,307.3200041356192,0.55198895493066,2.0,0.9922384023666382,-23.589513755602024,-13.14530174248691,307.4945547569808,2.0406374862639076,2.0,0.9938139915466309,-24.037539570032035,-15.409731476058743,307.8573053422417,1.0023784272278868,2.0,0.9968297481536865,,,,,,,,,,,,,,,,,,,1.0,0.0,0.0,0.0,1.0,0.0,0.0,0.0,1.0,0.0,0.0,0.0,214
-20.225245272896665,-14.524475565295834,308.2803256748051,1.520180979307325,2.0,0.9661891460418701,-23.51213714208331,-13.066614563678694,307.1886161197547,0.9586577303433149,2.0,0.993932843208313,-24.044437204472615,-15.261346559775511,307.34697005193766,1.4834385300548474,2.0,0.998288631439209,,,,,,,,,,,,,,,,,,,1.0,0.0,0.0,0.0,1.0,0.0,0.0,0.0,1.0,0.0,0.0,0.0,215
-19.995278844291178,-14.404939093563982,307.8329356617508,1.7204249370980742,2.0,0.9945916533470154,-23.32711256896801,-12.935499340296722,307.0239623981848,0.32656418030303536,2.0,0.9948238134384155,-24.095260366625066,-15.201482314352743,307.3193535185253,0.8446036266837802,2.0,0.9993395805358887,,,,,,,,,,,,,,,,,,,1.0,0.0,0.0,0.0,1.0,0.0,0.0,0.0,1.0,0.0,0.0,0.0,216
-19.787455933275066,-14.374074768071376,306.16756659837915,0.7017480502522995,2.0,0.9983800649642944,-23.344298508893296,-12.563614030888573,306.1801793960512,1.5245331741012575,2.0,0.9835414886474609,-24.12668950923716,-15.110791661458316,307.008485863582,1.367679040933115,2.0,0.9994854927062988,,,,,,,,,,,,,,,,,,,1.0,0.0,0.0,0.0,1.0,0.0,0.0,0.0,1.0,0.0,0.0,0.0,217
-19.98677257578487,-14.309631528508314,306.57190908934876,0.2042768557339133,2.0,0.9990615248680115,-23.38368226386658,-12.61360606770917,306.52371679793947,0.5636670504542898,2.0,0.9951010346412659,-24.08745178634722,-15.166000523358205,307.12246182844746,0.5269879992250459,2.0,0.9994742274284363,,,,,,,,,,,,,,,,,,,1.0,0.0,0.0,0.0,1.0,0.0,0.0,0.0,1.0,0.0,0.0,0.0,218
-20.07659701804176,-14.269964717407465,307.78830099922186,0.9023642321390398,2.0,0.9949697256088257,-23.700066185515873,-12.547004035293217,306.82684816088533,0.36095286785236325,2.0,0.9942149519920349,-24.239458758557713,-15.099781020572493,307.3497314549591,0.25638199018189084,2.0,0.9989933967590332,,,,,,,,,,,,,,,,,,,1.0,0.0,0.0,0.0,1.0,0.0,0.0,0.0,1.0,0.0,0.0,0.0,219
-20.293824760917197,-14.319749355690849,307.78634470006546,0.040654588453047064,2.0,0.9934415817260742,-23.881281949118566,-12.625928675878097,307.112043600063,0.18653656746171693,2.0,0.9910570383071899,-24.31698892786329,-15.106610283038062,307.11946422146667,0.5522516011033682,2.0,0.998834490776062,,,,,,,,,,,,,,,,,,,1.0,0.0,0.0,0.0,1.0,0.0,0.0,0.0,1.0,0.0,0.0,0.0,220
-20.34998696867386,-14.392201848881566,307.76099650961015,0.012574562318028285,2.0,0.9829613566398621,-23.68992738663655,-12.686079102612375,306.9562142078204,0.17593872278178915,2.0,0.9885789155960083,-24.34627098790261,-15.162003736273205,307.29990370822304,0.8327272555321832,2.0,0.999457061290741,,,,,,,,,,,,,,,,,,,1.0,0.0,0.0,0.0,1.0,0.0,0.0,0.0,1.0,0.0,0.0,0.0,221
-20.31849109321641,-14.265391417444256,307.3342718943324,0.9178810063214762,2.0,0.9798986911773682,-23.76159729542012,-12.879099151410772,307.1319121589486,0.6279773725950069,2.0,0.9897441864013672,-24.31249183233554,-15.392778132247573,307.405205270831,0.5671623095140816,2.0,0.999424934387207,,,,,,,,,,,,,,,,,,,1.0,0.0,0.0,0.0,1.0,0.0,0.0,0.0,1.0,0.0,0.0,0.0,222
-20.67432055240082,-14.454650531608845,307.82007990961364,0.9218628952383459,2.0,0.8615859150886536,-23.985773331418415,-13.00765666916404,306.9720507509927,0.7452459317103067,2.0,0.9825395345687866,-24.49746866306971,-15.217080664474656,306.987233550693,1.2105645090906703,2.0,0.998518168926239,,,,,,,,,,,,,,,,,,,1.0,0.0,0.0,0.0,1.0,0.0,0.0,0.0,1.0,0.0,0.0,0.0,223
-21.22746483290392,-14.829524659953924,308.38420099107736,0.2006870274929592,2.0,0.9117418527603149,-24.207927963054978,-13.192398023638042,306.88073056595505,0.9343486968101029,2.0,0.9536677598953247,-24.755255270297614,-15.35418724054398,307.77385385850414,1.3735296193586657,2.0,0.9973222613334656,,,,,,,,,,,,,,,,,,,1.0,0.0,0.0,0.0,1.0,0.0,0.0,0.0,1.0,0.0,0.0,0.0,224
-20.91202654419277,-14.543678046391868,307.32231979086043,2.210208574049071,2.0,0.9415863752365112,-24.055644031451752,-12.841141611496306,306.7960597780334,2.1023295011674996,2.0,0.9550043344497681,-24.73785850494891,-15.346506875270054,307.88961182781975,2.3057482765600805,2.0,0.9993159770965576,,,,,,,,,,,,,,,,,,,1.0,0.0,0.0,0.0,1.0,0.0,0.0,0.0,1.0,0.0,0.0,0.0,225
-21.358752525078803,-14.472756699984707,307.48300644309876,0.24889125049900734,2.0,0.9705550670623779,-24.120626264400936,-12.663218453122527,306.30800742919484,0.7999694392561736,2.0,0.9813312292098999,-24.756037667635844,-15.016602907702062,307.5064633352318,1.5840658353230672,2.0,0.9981589317321777,,,,,,,,,,,,,,,,,,,1.0,0.0,0.0,0.0,1.0,0.0,0.0,0.0,1.0,0.0,0.0,0.0,226
-21.3421873012283,-13.903948349799512,305.8579405538166,1.8554023527668018,2.0,0.6652078628540039,-24.13186413641139,-12.419273602525566,305.59040403217546,0.729513631220855,2.0,0.8923094272613525,-24.721280660697573,-14.662904074192172,307.15297442102826,2.5428546914940755,2.0,0.993243932723999,,,,,,,,,,,,,,,,,,,1.0,0.0,0.0,0.0,1.0,0.0,0.0,0.0,1.0,0.0,0.0,0.0,227
-20.889271231601246,-13.488633682406308,306.13017148272,1.411210606465604,2.0,0.7434698343276978,-24.216684712769887,-11.986754981759562,306.16015145139335,0.5689149579032642,2.0,0.8051649928092957,-24.632879563821568,-14.451343368079058,307.3801436833844,2.1384358238771104,2.0,0.9960864782333374,,,,,,,,,,,,,,,,,,,1.0,0.0,0.0,0.0,1.0,0.0,0.0,0.0,1.0,0.0,0.0,0.0,228
-20.961921571387965,-13.537915467642124,306.31393227561387,0.4580780028066993,2.0,0.9601223468780518,-24.13554351641773,-11.98681424066692,306.1962734765591,1.6836579140498418,2.0,0.9262198209762573,-24.605223605755516,-14.417247452206018,307.312468448811,1.4157921720379374,2.0,0.9950988292694092,,,,,,,,,,,,,,,,,,,1.0,0.0,0.0,0.0,1.0,0.0,0.0,0.0,1.0,0.0,0.0,0.0,229
-20.83889937109583,-13.48650482569979,305.96664504794256,1.1170606032213768,2.0,0.9306349754333496,-24.08463420214168,-11.886018366330118,306.0974995008142,1.0497499085572533,2.0,0.9051321148872375,-24.582413597415037,-14.435805952701045,307.2748887972951,1.1499228416176863,2.0,0.995451807975769,,,,,,,,,,,,,,,,,,,1.0,0.0,0.0,0.0,1.0,0.0,0.0,0.0,1.0,0.0,0.0,0.0,230
-20.688560251534906,-13.437828689646716,305.3362168971385,2.2903824542325797,2.0,0.9775580167770386,-24.00931023548539,-11.89106589796566,305.8647582215316,1.0448629916142411,2.0,0.9412775039672852,-24.352061992250267,-14.407079225602027,306.6521631442134,0.37799902823799486,2.0,0.9958174228668213,,,,,,,,,,,,,,,,,,,1.0,0.0,0.0,0.0,1.0,0.0,0.0,0.0,1.0,0.0,0.0,0.0,231
-20.57598228407738,-13.440347880873173,305.371040974299,1.1759125145911256,2.0,0.9771165251731873,-23.88969517065144,-11.908514595269903,305.51925533799164,1.016885250767451,2.0,0.9593906998634338,-24.288261149652023,-14.498372908620164,306.62114952506914,0.23642184343594272,2.0,0.9974473714828491,,,,,,,,,,,,,,,,,,,1.0,0.0,0.0,0.0,1.0,0.0,0.0,0.0,1.0,0.0,0.0,0.0,232
-20.56027137284762,-13.626402450927417,305.5507276365318,0.3333003054729462,2.0,0.9846692085266113,-23.900441247966373,-11.949119182568081,305.4134819461702,1.7909071514914061,2.0,0.9505021572113037,-24.27930270106822,-14.625286423970085,306.611990327376,0.9179422805991766,2.0,0.998709499835968,,,,,,,,,,,,,,,,,,,1.0,0.0,0.0,0.0,1.0,0.0,0.0,0.0,1.0,0.0,0.0,0.0,233
-20.269898285590287,-13.759296132127558,305.5994099224343,0.12006111630950098,2.0,0.9985470771789551,-23.664708841196518,-12.054550328669908,305.25853314279163,1.223747088141022,2.0,0.9351707696914673,-24.215341642607225,-14.794519536683312,306.6301927147299,0.11029444868656317,2.0,0.9995884299278259,,,,,,,,,,,,,,,,,,,1.0,0.0,0.0,0.0,1.0,0.0,0.0,0.0,1.0,0.0,0.0,0.0,234
-20.087831721813153,-13.92049006852102,305.63043262099785,1.699372416121968,2.0,0.9975120425224304,-23.62860249143838,-12.34494763394644,305.09668993984235,0.02350192238570541,2.0,0.9041626453399658,-24.083732748901667,-15.034012203622552,307.0765950447359,0.31568369018738657,2.0,0.999292254447937,,,,,,,,,,,,,,,,,,,1.0,0.0,0.0,0.0,1.0,0.0,0.0,0.0,1.0,0.0,0.0,0.0,235
-19.88540353502699,-14.101907047157537,306.354614285758,2.1293442398270317,2.0,0.9970869421958923,-23.355363990222116,-12.736502795469393,306.2665088015071,0.38383065244121045,2.0,0.8701398968696594,-23.884164546043323,-15.246196214716699,307.45739130404917,0.2715987445712852,2.0,0.9978455305099487,,,,,,,,,,,,,,,,,,,1.0,0.0,0.0,0.0,1.0,0.0,0.0,0.0,1.0,0.0,0.0,0.0,236
-20.168002110888356,-14.338620902011476,306.2068255507086,1.2364016799241817,2.0,0.9981200695037842,-23.64810496051386,-12.78575065498856,305.76677647982353,0.3670618156367864,2.0,0.6936327815055847,-24.152361857002827,-15.396925667059094,307.1915625152491,0.24491068431977525,2.0,0.9926595687866211,,,,,,,,,,,,,,,,,,,1.0,0.0,0.0,0.0,1.0,0.0,0.0,0.0,1.0,0.0,0.0,0.0,237
-20.587880814442247,-14.571112416825672,306.2755021435444,0.02601749303761459,2.0,0.9879169464111328,-23.7880360974356,-13.039130343489441,306.01146126865405,1.5066468578052383,2.0,0.6058498620986938,-24.22260591551932,-15.546225139619196,307.1938011218819,0.8254657308926174,2.0,0.9903810024261475,,,,,,,,,,,,,,,,,,,1.0,0.0,0.0,0.0,1.0,0.0,0.0,0.0,1.0,0.0,0.0,0.0,238
-20.782796341658482,-14.630073142847243,305.9644713447862,1.1095283215765654,2.0,0.760123074054718,-24.12400535971792,-13.211315035806837,305.18718837856784,0.8292654650625924,2.0,0.35455602407455444,-24.284893615842805,-15.706475145523248,306.76912134754093,1.296677135279631,2.0,0.9790782928466797,,,,,,,,,,,,,,,,,,,1.0,0.0,0.0,0.0,1.0,0.0,0.0,0.0,1.0,0.0,0.0,0.0,239
,,,,,,,,,,,,-24.37081097292679,-15.944309079208788,306.5194533975031,0.1958760146211643,2.0,0.9438692331314087,,,,,,,,,,,,,,,,,,,1.0,0.0,0.0,0.0,1.0,0.0,0.0,0.0,1.0,0.0,0.0,0.0,240
,,,,,,,,,,,,-24.425483101684208,-15.880461101296904,306.16218420936536,0.12495892966043114,2.0,0.9016252756118774,,,,,,,,,,,,,,,,,,,1.0,0.0,0.0,0.0,1.0,0.0,0.0,0.0,1.0,0.0,0.0,0.0,241
,,,,,,-24.154807926918014,-13.366680012735136,305.6208131618448,0.3927967849219525,2.0,0.4541657865047455,-24.4517674985548,-15.77512579788721,306.3424631402563,0.16985841904424234,2.0,0.9887239336967468,,,,,,,,,,,,,,,,,,,1.0,0.0,0.0,0.0,1.0,0.0,0.0,0.0,1.0,0.0,0.0,0.0,242
,,,,,,-24.105034368715405,-13.178831974454312,305.3950087945649,0.9564888972990779,2.0,0.7518879175186157,-24.558802949601507,-15.55800689004331,306.9669432417963,0.09004327491076287,2.0,0.9938938021659851,,,,,,,,,,,,,,,,,,,1.0,0.0,0.0,0.0,1.0,0.0,0.0,0.0,1.0,0.0,0.0,0.0,243
,,,,,,-24.131869860797487,-13.080765964557205,305.36893145196234,0.6506574240259461,2.0,0.812405526638031,-24.622276713799376,-15.603274057764315,306.62676831286535,1.0424607823965961,2.0,0.9962767362594604,,,,,,,,,,,,,,,,,,,1.0,0.0,0.0,0.0,1.0,0.0,0.0,0.0,1.0,0.0,0.0,0.0,244
,,,,,,-24.134721752648744,-13.045848797321513,305.6257557535246,1.0686670859047034,2.0,0.6819400787353516,-24.68124392738223,-15.512172679777674,306.521049501316,0.9657918610477311,2.0,0.9953228831291199,,,,,,,,,,,,,,,,,,,1.0,0.0,0.0,0.0,1.0,0.0,0.0,0.0,1.0,0.0,0.0,0.0,245